grt,batch_index
687.427627,1
654.119052,2
705.188784,3
680.341626,4
669.211851,5
691.449874,6
696.807132,7
695.033382,8
621.380852,9
700.391885,10
647.509076,11
655.066319,12
654.789339,13
719.780667,14
596.368008,15
700.982285,16
680.367925,17
651.062184,18
648.188870,19
706.668528,20
715.169450,21
620.571385,22
614.711608,23
690.884042,24
630.118738,25
638.740636,26
691.742417,27
619.700145,28
681.271077,29
700.571048,30
672.494751,31
704.665212,32
656.223964,33
624.434383,34
674.073893,35
662.707101,36
677.668022,37
649.124508,38
637.757395,39
668.553176,40
648.325634,41
685.773023,42
735.617466,43
673.745614,44
659.811375,45
667.327227,46
650.680306,47
618.806658,48
683.106890,49
730.672950,50
667.075411,51
640.049921,52
636.495767,53
701.823999,54
661.001071,55
666.417847,56
734.790664,57
668.641201,58
701.793476,59
614.383835,60
650.990325,61
673.145550,62
684.248282,63
702.291424,64
654.585023,65
626.268631,66
666.593968,67
660.496103,68
645.672472,69
680.288354,70
669.122038,71
679.401170,72
639.888367,73
681.153611,74
665.690172,75
663.358975,76
641.004733,77
658.197754,78
662.188423,79
674.501788,80
701.132401,81
667.044825,82
641.216952,83
667.856257,84
653.962356,85
676.040096,86
672.207027,87
692.256187,88
676.052730,89
665.309970,90
643.294343,91
617.265623,92
662.857231,93
711.965060,94
646.625474,95
654.289313,96
687.950161,97
738.576721,98
678.119696,99
697.987294,100
699.418312,101
695.718637,102
621.381332,103
588.956733,104
679.105871,105
667.215988,106
637.804262,107
654.653753,108
641.071770,109
648.268846,110
683.527332,111
710.699533,112
725.506019,113
599.955264,114
680.114939,115
647.728395,116
656.753402,117
663.294604,118
605.704618,119
667.036806,120
702.208209,121
651.584255,122
624.055914,123
700.038454,124
680.407271,125
670.394580,126
730.852752,127
619.316568,128
715.626778,129
660.189121,130
672.209996,131
610.517065,132
650.876628,133
637.363810,134
661.693104,135
673.259461,136
662.074083,137
634.557649,138
664.299562,139
648.386232,140
765.897610,141
653.520032,142
635.266204,143
606.206808,144
664.191745,145
659.354943,146
742.285866,147
746.579329,148
670.413822,149
646.678135,150
656.370426,151
680.168559,152
676.647977,153
621.557184,154
660.924292,155
682.310736,156
659.739439,157
667.146955,158
651.786968,159
633.665531,160
686.209805,161
674.456061,162
650.004299,163
651.197527,164
686.327184,165
629.612833,166
612.137245,167
661.912974,168
623.823011,169
669.906568,170
660.652072,171
631.009481,172
691.008596,173
654.368492,174
627.389763,175
646.188243,176
660.469574,177
683.214634,178
716.020278,179
633.032359,180
661.231340,181
613.630984,182
725.635540,183
664.129184,184
601.336597,185
661.639647,186
639.725973,187
688.613160,188
724.271445,189
663.919788,190
690.415633,191
616.643700,192
622.559333,193
650.358645,194
700.696198,195
687.180190,196
703.031638,197
621.424023,198
618.638074,199
680.480936,200
593.703580,201
737.790660,202
635.099982,203
657.603760,204
742.530583,205
762.261914,206
629.545428,207
671.093887,208
691.305874,209
674.770900,210
725.684068,211
700.965490,212
666.881359,213
651.627925,214
685.785172,215
670.413073,216
655.015996,217
639.636663,218
684.103060,219
690.090823,220
681.633585,221
685.207932,222
684.878953,223
622.186523,224
678.836107,225
676.935194,226
663.036811,227
641.676125,228
653.200332,229
629.678780,230
680.923448,231
662.191461,232
656.968141,233
724.425237,234
690.428202,235
687.484165,236
585.367955,237
656.744607,238
709.694450,239
711.872284,240
692.670513,241
692.613071,242
727.472997,243
661.778096,244
719.152063,245
628.289050,246
644.643065,247
707.922568,248
689.333350,249
648.429540,250
641.187756,251
699.003062,252
663.057265,253
666.477382,254
696.203984,255
718.923046,256
772.454226,257
619.428444,258
675.652156,259
715.093931,260
716.110456,261
707.598220,262
674.084877,263
660.686478,264
665.160602,265
643.366665,266
675.972435,267
789.739045,268
713.452117,269
674.931520,270
685.020629,271
739.224341,272
688.365289,273
646.484951,274
671.370874,275
598.104346,276
705.699673,277
676.806641,278
674.763909,279
637.664522,280
638.435872,281
651.332748,282
656.232201,283
654.584263,284
677.438014,285
707.740812,286
693.476319,287
681.925111,288
683.740518,289
699.437401,290
714.714510,291
650.207939,292
699.453142,293
649.324148,294
660.208385,295
721.229780,296
663.143669,297
705.919130,298
678.112803,299
682.443697,300
649.679700,301
688.825803,302
730.785114,303
606.241672,304
623.524748,305
607.440173,306
741.710512,307
640.738186,308
650.000157,309
663.226000,310
687.133934,311
721.604176,312
719.832746,313
642.644645,314
664.098819,315
642.417396,316
668.704679,317
635.986566,318
638.180919,319
669.141111,320
656.093824,321
659.119962,322
668.913811,323
687.586947,324
677.602124,325
638.989704,326
636.988239,327
667.712237,328
645.291319,329
674.741149,330
698.615738,331
656.785404,332
612.897228,333
675.405646,334
669.107455,335
708.949255,336
697.888865,337
654.787161,338
727.118128,339
642.195157,340
722.901782,341
671.566851,342
736.654950,343
662.607591,344
661.303224,345
650.734148,346
670.401633,347
683.151211,348
696.415377,349
649.232955,350
629.052436,351
645.461335,352
655.738174,353
713.749847,354
646.343331,355
662.477979,356
657.521785,357
732.040237,358
668.970883,359
676.075787,360
675.451227,361
670.286681,362
642.198237,363
682.907392,364
638.696406,365
652.478680,366
672.110356,367
623.458662,368
659.305621,369
651.574694,370
624.990147,371
692.827082,372
682.411979,373
638.695313,374
657.025238,375
707.097818,376
617.550274,377
732.388433,378
658.937174,379
679.808917,380
688.152291,381
676.815420,382
645.526259,383
670.547423,384
709.127241,385
635.082148,386
655.266164,387
689.827518,388
653.637080,389
680.463584,390
677.775486,391
672.520817,392
656.406519,393
711.892938,394
679.189468,395
653.179456,396
679.655259,397
742.200111,398
699.297115,399
704.341240,400
695.387199,401
599.613002,402
671.883904,403
641.515111,404
653.194793,405
686.187262,406
675.072465,407
656.967229,408
626.167724,409
636.346196,410
630.344447,411
665.992361,412
623.354246,413
666.819663,414
719.158155,415
736.795518,416
739.339806,417
665.088189,418
679.071714,419
703.837725,420
721.717993,421
666.429393,422
689.014498,423
695.853221,424
617.472540,425
660.247350,426
654.152541,427
631.460204,428
684.392826,429
701.468928,430
641.351594,431
646.065939,432
629.727460,433
706.727837,434
657.246351,435
628.644327,436
627.794025,437
719.425824,438
666.638980,439
665.965008,440
672.747294,441
628.049706,442
687.746061,443
677.836773,444
663.505461,445
657.600728,446
634.367892,447
661.782345,448
694.665197,449
671.367003,450
695.630416,451
701.158123,452
663.688303,453
642.316027,454
625.487178,455
665.715612,456
657.692526,457
636.453831,458
663.599804,459
684.175919,460
656.345424,461
715.111655,462
611.679698,463
661.627612,464
737.112085,465
662.584178,466
684.068220,467
727.284537,468
720.468963,469
654.969496,470
632.679168,471
680.536718,472
740.532104,473
660.628061,474
704.108684,475
695.878406,476
674.940568,477
829.191989,478
674.327423,479
729.673101,480
759.453913,481
640.422063,482
613.739801,483
702.740433,484
630.381387,485
671.251477,486
755.860570,487
709.593180,488
675.160505,489
628.370074,490
711.885587,491
685.385935,492
710.982414,493
831.199740,494
691.765271,495
704.056547,496
645.268136,497
717.044571,498
704.144360,499
753.452099,500
692.045455,501
629.079538,502
669.589046,503
671.087517,504
650.543907,505
683.515304,506
674.099414,507
657.467971,508
689.462586,509
670.159109,510
667.702370,511
705.063188,512
639.642519,513
675.333513,514
727.956488,515
677.754809,516
691.832829,517
661.991385,518
706.477830,519
669.940312,520
657.836148,521
705.636782,522
669.391366,523
641.640140,524
731.292674,525
679.390941,526
665.713366,527
700.796798,528
697.659394,529
697.526731,530
726.778655,531
639.849441,532
701.957597,533
661.119804,534
639.130809,535
692.961883,536
802.583501,537
662.804590,538
688.566292,539
652.342811,540
701.867280,541
660.194800,542
663.820558,543
719.236303,544
727.169010,545
640.939395,546
646.388539,547
677.015915,548
709.025023,549
731.345926,550
625.556618,551
731.069033,552
673.550806,553
603.781022,554
639.196929,555
677.930084,556
669.003980,557
664.733241,558
743.694350,559
680.416977,560
691.516044,561
627.000957,562
633.907694,563
682.714761,564
648.353699,565
683.717262,566
632.709937,567
657.242403,568
656.402007,569
673.895714,570
688.058632,571
631.435174,572
657.003594,573
683.105896,574
660.717829,575
686.685807,576
704.441299,577
666.690320,578
633.565293,579
695.016498,580
619.211661,581
639.057139,582
629.998691,583
670.242389,584
704.785013,585
682.121903,586
671.127792,587
681.341111,588
746.910872,589
732.891480,590
658.681915,591
679.707405,592
686.726166,593
751.610606,594
658.039316,595
678.815399,596
632.203532,597
684.939872,598
680.729212,599
677.755042,600
616.270452,601
648.658428,602
662.831293,603
712.004042,604
658.486618,605
655.706045,606
729.947731,607
696.796273,608
656.715070,609
668.081656,610
666.475207,611
654.519506,612
692.921339,613
660.631763,614
716.755918,615
659.109660,616
737.398419,617
713.448504,618
686.417743,619
685.874557,620
684.812416,621
602.828106,622
677.576228,623
674.206174,624
713.637628,625
706.686209,626
679.384458,627
674.621838,628
772.678556,629
653.966762,630
678.286779,631
668.353804,632
713.864474,633
651.200375,634
677.239725,635
688.871412,636
657.222733,637
638.268305,638
664.446080,639
648.038951,640
605.481771,641
631.587321,642
702.516367,643
683.654484,644
613.308060,645
656.686735,646
667.189461,647
693.883346,648
666.984111,649
665.569147,650
625.164552,651
684.150762,652
667.192400,653
691.559852,654
657.175608,655
673.125628,656
659.970379,657
679.540017,658
695.753579,659
633.537229,660
657.789171,661
644.764932,662
666.327864,663
699.201532,664
657.316529,665
665.227888,666
764.910661,667
743.634993,668
679.199049,669
692.812922,670
647.817304,671
657.967152,672
706.244926,673
685.793214,674
678.521300,675
601.115669,676
689.377725,677
639.094466,678
627.545528,679
656.102274,680
655.357966,681
646.287589,682
686.270987,683
660.621929,684
663.915226,685
681.436475,686
692.914182,687
717.019066,688
648.102537,689
638.154548,690
722.946465,691
684.170222,692
620.694523,693
686.402028,694
631.194861,695
675.102705,696
649.295247,697
641.611562,698
688.284123,699
696.794386,700
643.290165,701
642.685803,702
697.997158,703
695.640445,704
681.229797,705
662.739872,706
680.073922,707
707.733174,708
633.892275,709
628.690944,710
645.988415,711
684.610393,712
656.941858,713
723.033464,714
638.647125,715
700.888519,716
665.671087,717
649.088227,718
702.282584,719
666.095328,720
732.455217,721
661.947098,722
648.275874,723
661.298725,724
711.126465,725
691.433805,726
673.616946,727
685.882061,728
680.927595,729
644.452011,730
666.955866,731
652.314085,732
611.702381,733
664.177714,734
638.496132,735
625.582766,736
677.366742,737
702.732476,738
707.756209,739
646.043401,740
643.865730,741
690.312691,742
703.042591,743
688.853350,744
644.746661,745
715.190526,746
647.744481,747
672.741264,748
679.817107,749
728.672384,750
683.081813,751
610.990184,752
643.526060,753
696.582636,754
606.186134,755
684.932826,756
647.757312,757
700.129812,758
690.751275,759
691.408824,760
665.511964,761
745.286772,762
702.569380,763
663.077300,764
641.177722,765
646.002051,766
725.154706,767
747.877458,768
717.211435,769
661.241660,770
683.580271,771
676.606918,772
684.971739,773
701.187318,774
643.855379,775
654.578155,776
614.174178,777
697.556113,778
689.639044,779
695.578436,780
683.780399,781
643.563483,782
625.318788,783
634.075821,784
634.945205,785
691.396297,786
656.157060,787
668.461186,788
625.409605,789
720.765736,790
708.910889,791
667.508499,792
603.409106,793
634.050648,794
683.364824,795
683.132958,796
685.619640,797
676.135952,798
634.391703,799
673.578638,800
653.964909,801
625.607943,802
711.209260,803
658.596176,804
639.697512,805
699.946841,806
677.825594,807
668.131915,808
628.352623,809
701.339045,810
694.522274,811
671.244686,812
632.970050,813
709.118006,814
672.768646,815
692.876090,816
646.507857,817
636.414950,818
646.725013,819
682.682643,820
648.688632,821
726.742165,822
687.900677,823
662.918434,824
713.743446,825
743.450610,826
676.697453,827
620.539376,828
639.340222,829
674.732455,830
669.406299,831
621.699138,832
721.007555,833
708.220322,834
618.760868,835
708.761367,836
688.888708,837
640.984156,838
674.490373,839
706.005038,840
665.783660,841
664.707222,842
779.090098,843
749.470069,844
670.408197,845
701.735618,846
755.951876,847
698.692528,848
661.449664,849
647.876641,850
650.482166,851
685.860429,852
705.349407,853
657.382797,854
678.957277,855
693.442490,856
693.711612,857
716.022938,858
735.383512,859
656.014062,860
688.167456,861
679.479706,862
723.161144,863
643.005774,864
668.730576,865
610.254155,866
609.284493,867
658.188376,868
683.906594,869
658.532617,870
710.413109,871
718.581004,872
708.647692,873
688.400509,874
669.988757,875
672.973228,876
662.224388,877
695.545469,878
749.239928,879
692.920714,880
670.263107,881
619.023568,882
651.561776,883
662.661055,884
638.569223,885
620.583160,886
731.192873,887
698.407462,888
687.892898,889
664.809592,890
646.528303,891
662.569321,892
691.783431,893
673.365680,894
698.063358,895
641.379127,896
667.028614,897
678.168293,898
704.916332,899
657.566932,900
748.296480,901
612.115637,902
719.004505,903
644.757699,904
693.970032,905
719.022333,906
631.116862,907
642.442520,908
657.701630,909
630.932932,910
663.829364,911
643.816412,912
597.316162,913
619.944381,914
702.294437,915
657.234705,916
700.490242,917
642.144814,918
644.111408,919
695.712640,920
690.396910,921
688.368437,922
683.824444,923
668.739806,924
623.226388,925
670.438894,926
625.873493,927
660.413893,928
656.212628,929
689.800966,930
666.609084,931
698.750481,932
639.148890,933
638.423854,934
704.801108,935
631.850992,936
679.424119,937
673.586377,938
649.741527,939
669.018764,940
617.455582,941
650.902372,942
687.228582,943
691.181212,944
685.250562,945
664.855257,946
657.710072,947
655.965531,948
658.964532,949
686.177625,950
649.286582,951
703.427683,952
702.511800,953
652.542715,954
714.448111,955
698.551424,956
617.950904,957
673.962724,958
768.659071,959
612.856459,960
650.024636,961
659.449991,962
629.006226,963
698.497271,964
682.811415,965
666.166617,966
698.110060,967
661.029245,968
700.081446,969
753.501699,970
604.959951,971
654.194988,972
681.378939,973
695.233947,974
702.944300,975
642.718948,976
658.835689,977
647.140414,978
702.071958,979
657.903563,980
626.602832,981
654.502838,982
704.221791,983
654.744915,984
712.847800,985
684.350016,986
684.453294,987
624.407821,988
710.235083,989
662.627541,990
646.299873,991
656.920264,992
688.847487,993
689.017596,994
654.754372,995
650.530281,996
682.128721,997
668.556803,998
591.523069,999
682.404314,1000
679.962517,1001
695.083110,1002
647.636007,1003
648.662126,1004
698.664516,1005
636.420529,1006
683.860115,1007
674.224105,1008
673.988962,1009
657.744456,1010
641.202035,1011
602.995465,1012
645.125290,1013
649.512795,1014
732.393408,1015
670.368165,1016
661.780607,1017
789.052461,1018
658.927343,1019
670.460173,1020
674.423368,1021
774.031924,1022
649.027429,1023
676.017055,1024
663.054501,1025
713.480437,1026
651.255055,1027
703.429660,1028
684.423178,1029
662.554456,1030
660.474078,1031
654.373881,1032
657.432673,1033
655.882054,1034
718.682796,1035
642.684563,1036
703.233648,1037
675.183084,1038
700.630877,1039
687.769897,1040
635.325763,1041
648.365324,1042
697.948555,1043
722.449852,1044
665.848967,1045
643.625137,1046
686.577410,1047
676.409202,1048
724.275237,1049
663.848479,1050
712.438133,1051
677.966051,1052
709.221051,1053
664.239742,1054
665.892548,1055
662.340708,1056
654.518916,1057
637.532489,1058
694.575714,1059
678.850791,1060
667.831305,1061
612.492477,1062
702.306533,1063
652.547868,1064
649.761010,1065
636.932137,1066
716.435219,1067
665.496659,1068
639.113543,1069
671.954038,1070
665.294922,1071
674.568317,1072
727.747695,1073
672.073598,1074
670.244557,1075
663.284618,1076
668.680893,1077
642.851084,1078
660.138066,1079
640.704824,1080
661.817339,1081
696.951247,1082
624.105318,1083
649.608420,1084
674.054188,1085
636.799433,1086
754.719745,1087
690.800093,1088
662.751866,1089
695.518147,1090
686.181468,1091
717.331552,1092
648.887987,1093
622.891359,1094
656.138745,1095
678.490310,1096
649.768019,1097
717.970807,1098
640.396909,1099
647.043693,1100
658.081489,1101
663.273262,1102
690.848958,1103
606.096437,1104
633.066784,1105
692.449387,1106
664.538676,1107
654.143631,1108
680.011443,1109
679.331180,1110
666.234182,1111
666.682507,1112
695.562890,1113
743.085650,1114
674.686452,1115
661.634162,1116
710.339271,1117
746.501384,1118
692.572487,1119
662.525981,1120
680.549277,1121
654.911677,1122
679.217391,1123
631.802712,1124
670.456501,1125
630.302210,1126
636.710010,1127
698.356310,1128
677.660629,1129
658.977331,1130
649.339849,1131
673.483182,1132
666.272307,1133
742.214549,1134
633.923020,1135
676.881839,1136
727.847640,1137
667.548908,1138
661.954511,1139
634.277587,1140
675.968033,1141
698.904089,1142
677.271744,1143
685.407165,1144
697.240283,1145
657.696250,1146
642.104994,1147
655.350177,1148
673.696452,1149
639.737241,1150
642.847015,1151
662.726836,1152
716.762563,1153
627.771039,1154
668.447369,1155
735.747359,1156
697.343942,1157
628.218834,1158
738.276320,1159
694.580779,1160
655.294641,1161
649.705985,1162
755.054295,1163
720.837806,1164
662.176862,1165
675.965282,1166
617.548070,1167
660.945075,1168
691.211727,1169
640.601985,1170
679.475142,1171
676.424709,1172
597.464181,1173
625.107045,1174
650.339459,1175
700.417812,1176
666.486509,1177
645.667068,1178
629.737430,1179
691.421935,1180
717.432571,1181
669.178342,1182
646.812427,1183
689.465651,1184
677.089362,1185
674.996783,1186
656.782521,1187
645.235867,1188
656.412571,1189
660.434418,1190
714.999665,1191
672.911735,1192
674.023741,1193
672.859592,1194
652.242780,1195
645.493468,1196
673.345826,1197
698.251388,1198
639.254557,1199
748.167667,1200
697.890201,1201
652.392660,1202
634.582705,1203
686.667122,1204
638.736580,1205
692.007473,1206
712.959287,1207
633.291300,1208
625.496434,1209
686.987868,1210
668.082929,1211
685.685452,1212
713.323236,1213
725.547026,1214
697.151198,1215
697.797896,1216
622.337893,1217
658.823873,1218
674.620861,1219
661.807076,1220
634.004457,1221
636.860065,1222
648.343516,1223
623.300373,1224
695.389951,1225
690.479874,1226
621.809940,1227
683.967620,1228
647.084246,1229
662.904733,1230
652.445042,1231
646.233776,1232
724.209755,1233
680.998235,1234
648.244481,1235
647.541504,1236
710.264721,1237
633.052529,1238
695.035483,1239
623.601186,1240
661.615290,1241
713.655662,1242
655.207860,1243
654.653644,1244
618.829591,1245
668.272087,1246
756.373387,1247
653.486636,1248
689.319034,1249
651.053870,1250
659.926729,1251
684.044925,1252
686.331354,1253
633.298562,1254
661.158712,1255
640.314310,1256
631.817797,1257
709.044629,1258
806.837348,1259
620.022499,1260
655.493289,1261
634.388541,1262
700.107901,1263
691.472132,1264
669.640785,1265
677.059911,1266
687.499061,1267
685.581540,1268
663.399056,1269
686.423382,1270
799.477271,1271
672.299571,1272
668.880735,1273
634.543083,1274
630.404699,1275
690.359426,1276
658.595801,1277
666.084749,1278
662.943001,1279
657.465744,1280
682.130158,1281
691.910162,1282
751.722379,1283
646.032101,1284
646.509214,1285
725.784834,1286
764.974189,1287
645.883616,1288
655.611819,1289
714.940312,1290
639.672662,1291
645.362655,1292
605.106101,1293
703.336177,1294
649.831433,1295
662.972199,1296
675.163068,1297
669.541046,1298
731.113485,1299
688.813794,1300
654.818282,1301
682.884641,1302
662.268748,1303
695.532844,1304
637.455934,1305
703.742448,1306
681.857709,1307
679.063880,1308
730.508471,1309
680.280707,1310
654.636816,1311
682.556907,1312
701.072498,1313
728.349295,1314
687.216994,1315
693.853015,1316
628.515566,1317
727.328203,1318
669.034641,1319
689.110807,1320
661.605831,1321
637.313326,1322
665.741338,1323
691.619833,1324
669.710674,1325
732.341973,1326
664.791398,1327
685.557738,1328
700.449394,1329
654.364659,1330
680.883396,1331
628.119937,1332
640.287671,1333
682.377615,1334
672.217202,1335
653.467074,1336
644.523071,1337
684.382635,1338
665.777548,1339
652.453578,1340
671.157998,1341
692.297498,1342
681.062015,1343
656.503498,1344
706.470026,1345
706.226997,1346
750.236870,1347
645.184551,1348
607.791556,1349
693.864366,1350
649.188775,1351
672.782318,1352
731.961480,1353
633.621072,1354
672.345085,1355
664.543874,1356
679.555548,1357
683.428273,1358
715.295104,1359
702.396965,1360
671.764417,1361
641.104509,1362
668.061698,1363
773.714523,1364
682.220318,1365
656.041691,1366
665.811077,1367
649.063249,1368
664.663980,1369
697.136256,1370
646.767009,1371
667.316263,1372
639.501601,1373
706.570995,1374
714.630490,1375
664.336057,1376
718.263077,1377
670.684495,1378
617.736726,1379
633.091017,1380
653.255468,1381
668.342867,1382
735.156375,1383
652.545644,1384
636.029794,1385
686.835529,1386
667.103185,1387
612.635107,1388
731.483284,1389
703.599519,1390
627.260427,1391
640.791057,1392
684.549475,1393
659.121966,1394
631.704466,1395
650.199916,1396
718.923369,1397
706.077971,1398
688.771884,1399
776.058313,1400
672.962161,1401
673.949639,1402
641.979744,1403
627.627435,1404
672.208894,1405
700.540206,1406
642.579837,1407
660.601916,1408
637.962041,1409
745.724081,1410
672.986949,1411
684.123037,1412
746.673183,1413
710.985489,1414
748.211194,1415
736.073407,1416
695.476442,1417
685.657024,1418
673.727236,1419
665.042231,1420
649.854294,1421
622.334851,1422
624.889970,1423
686.109183,1424
651.610248,1425
606.485789,1426
645.306874,1427
661.369777,1428
670.985682,1429
671.984376,1430
670.473908,1431
626.967547,1432
641.006729,1433
751.420204,1434
700.866050,1435
757.199760,1436
679.785690,1437
710.170009,1438
793.278951,1439
692.208307,1440
743.695288,1441
721.559737,1442
649.732915,1443
676.764265,1444
703.616235,1445
683.935539,1446
644.798701,1447
676.354610,1448
675.896143,1449
602.154596,1450
661.568930,1451
736.927633,1452
655.555775,1453
706.195894,1454
671.976209,1455
689.054823,1456
655.607022,1457
655.627693,1458
651.391791,1459
679.486376,1460
606.224169,1461
624.780695,1462
665.229723,1463
677.831344,1464
688.234241,1465
661.219518,1466
667.419381,1467
693.436958,1468
666.092618,1469
745.026724,1470
692.719948,1471
650.970665,1472
671.896172,1473
632.380144,1474
649.985719,1475
614.272085,1476
636.241743,1477
651.814725,1478
669.484989,1479
732.555254,1480
732.715582,1481
644.983731,1482
647.740928,1483
645.487093,1484
663.818641,1485
627.628619,1486
683.564691,1487
706.645833,1488
718.360127,1489
645.546980,1490
646.442430,1491
651.365452,1492
684.539327,1493
628.489099,1494
643.427159,1495
644.246741,1496
689.370691,1497
615.068647,1498
688.630952,1499
681.075244,1500
643.264648,1501
618.118895,1502
672.281500,1503
658.602450,1504
656.541318,1505
654.525776,1506
687.908809,1507
684.305180,1508
661.143625,1509
697.135587,1510
639.625490,1511
702.253282,1512
684.308330,1513
624.468090,1514
654.344420,1515
703.892667,1516
755.896725,1517
712.363273,1518
676.132764,1519
697.120015,1520
640.435065,1521
638.080681,1522
670.356836,1523
759.785487,1524
679.529348,1525
655.822012,1526
707.991292,1527
665.756084,1528
723.538232,1529
710.293891,1530
648.069628,1531
689.725172,1532
635.214401,1533
712.611611,1534
700.967085,1535
664.515523,1536
705.431843,1537
723.127382,1538
612.979945,1539
645.108088,1540
688.097566,1541
661.390458,1542
625.060556,1543
712.849776,1544
656.299988,1545
703.465222,1546
686.624179,1547
731.161031,1548
650.785056,1549
652.938722,1550
642.687446,1551
639.047095,1552
684.187987,1553
696.464058,1554
604.311085,1555
647.871331,1556
710.819363,1557
657.848165,1558
688.707702,1559
612.852046,1560
660.570715,1561
661.748622,1562
645.259424,1563
643.532912,1564
650.135102,1565
723.383229,1566
769.137676,1567
659.442916,1568
633.031605,1569
639.519740,1570
689.257669,1571
657.371184,1572
657.675859,1573
714.459505,1574
650.952543,1575
717.435501,1576
647.085807,1577
705.385058,1578
711.406260,1579
636.323199,1580
692.421965,1581
652.830454,1582
691.143208,1583
681.813090,1584
722.378503,1585
655.454096,1586
682.332305,1587
623.447781,1588
678.256798,1589
647.190131,1590
659.292871,1591
725.023649,1592
683.431943,1593
694.803990,1594
655.867087,1595
642.997057,1596
687.419163,1597
665.044563,1598
716.776061,1599
647.358527,1600
667.645485,1601
680.490312,1602
678.742011,1603
725.284176,1604
671.313115,1605
655.956876,1606
698.056374,1607
645.844946,1608
695.456912,1609
712.694883,1610
692.734194,1611
664.835321,1612
722.755946,1613
678.444037,1614
722.364328,1615
700.565033,1616
664.625803,1617
603.156372,1618
699.868358,1619
662.786708,1620
689.443334,1621
673.692050,1622
614.931048,1623
651.102440,1624
694.421684,1625
652.351429,1626
776.976099,1627
617.067674,1628
662.239632,1629
680.567717,1630
744.659298,1631
638.370189,1632
636.297695,1633
653.640183,1634
677.749766,1635
652.443550,1636
600.019247,1637
601.900387,1638
706.951267,1639
671.856932,1640
633.590716,1641
684.517410,1642
616.520907,1643
677.221215,1644
712.432578,1645
690.484017,1646
652.288057,1647
664.163493,1648
693.909028,1649
696.315881,1650
651.211543,1651
672.958018,1652
684.480370,1653
674.492080,1654
685.679121,1655
671.097025,1656
622.348626,1657
671.085051,1658
620.284470,1659
627.279682,1660
640.995440,1661
712.906378,1662
669.556959,1663
656.716684,1664
708.131748,1665
686.482473,1666
658.712281,1667
683.149588,1668
679.327369,1669
681.881413,1670
727.921755,1671
698.460505,1672
614.949738,1673
678.869101,1674
734.894488,1675
693.163990,1676
708.155427,1677
744.995349,1678
696.628741,1679
689.181765,1680
677.258739,1681
642.369152,1682
686.746690,1683
672.022539,1684
630.667385,1685
690.430761,1686
649.996111,1687
672.473058,1688
652.317615,1689
689.170924,1690
713.579441,1691
679.799278,1692
645.366304,1693
684.135310,1694
686.418853,1695
686.084440,1696
647.311589,1697
609.679877,1698
632.438892,1699
635.674592,1700
681.592403,1701
655.948726,1702
697.707196,1703
695.407775,1704
687.254481,1705
685.814146,1706
661.157324,1707
663.516850,1708
600.609395,1709
637.306879,1710
663.294432,1711
658.127101,1712
653.452883,1713
658.437649,1714
691.909167,1715
707.773405,1716
730.245025,1717
639.719465,1718
652.365540,1719
722.377352,1720
674.410874,1721
683.043763,1722
677.511349,1723
672.845411,1724
640.743744,1725
697.044617,1726
655.872807,1727
680.337861,1728
705.277666,1729
690.239676,1730
651.495965,1731
687.821732,1732
576.379625,1733
628.729655,1734
669.773864,1735
649.330711,1736
671.737092,1737
662.819708,1738
691.189894,1739
663.325596,1740
672.259847,1741
636.744855,1742
705.668694,1743
689.704938,1744
677.257549,1745
677.887348,1746
691.418447,1747
674.618490,1748
731.786247,1749
652.573039,1750
652.640388,1751
604.869705,1752
669.708276,1753
700.898769,1754
709.078997,1755
657.394829,1756
725.373799,1757
638.647480,1758
669.995197,1759
687.047065,1760
674.602752,1761
652.145742,1762
615.321773,1763
629.672249,1764
678.467650,1765
683.738854,1766
624.677215,1767
694.000645,1768
691.007489,1769
654.600147,1770
661.793003,1771
737.365074,1772
713.519109,1773
653.281278,1774
726.467833,1775
658.827020,1776
694.222247,1777
708.137966,1778
639.289052,1779
693.792081,1780
661.888733,1781
675.888183,1782
657.292161,1783
616.744973,1784
694.203178,1785
689.510875,1786
688.933204,1787
647.657452,1788
680.298010,1789
655.750232,1790
702.180740,1791
665.758816,1792
719.005774,1793
612.252009,1794
631.867736,1795
684.624500,1796
723.856156,1797
641.548189,1798
676.636562,1799
691.008032,1800
654.813657,1801
719.582375,1802
719.886310,1803
653.944553,1804
683.577697,1805
699.369023,1806
589.904298,1807
644.708717,1808
667.684213,1809
635.835642,1810
653.168960,1811
641.696698,1812
671.204090,1813
676.270073,1814
680.895546,1815
715.037541,1816
654.526397,1817
653.131445,1818
697.193322,1819
634.498616,1820
698.976761,1821
675.371016,1822
653.586510,1823
653.604829,1824
708.312039,1825
661.404596,1826
700.081261,1827
665.447793,1828
695.309006,1829
658.497987,1830
680.239661,1831
728.484123,1832
678.663298,1833
630.434464,1834
609.274855,1835
644.196707,1836
664.994013,1837
685.908732,1838
647.026852,1839
701.041506,1840
688.282175,1841
674.697600,1842
759.342102,1843
662.155880,1844
665.736922,1845
657.909312,1846
762.232266,1847
687.591077,1848
655.269825,1849
648.274951,1850
629.516079,1851
636.955548,1852
716.323607,1853
668.568281,1854
640.052818,1855
657.016253,1856
648.082286,1857
630.165745,1858
698.841119,1859
661.630662,1860
665.502476,1861
646.770207,1862
615.957800,1863
695.832852,1864
620.975270,1865
670.133538,1866
647.883737,1867
687.163905,1868
681.087030,1869
679.848880,1870
684.081085,1871
633.612382,1872
657.670752,1873
691.258999,1874
695.691693,1875
696.592317,1876
654.147845,1877
653.820591,1878
713.103391,1879
702.308685,1880
659.401619,1881
660.595781,1882
647.323115,1883
694.347882,1884
664.247651,1885
623.687684,1886
646.246590,1887
643.545200,1888
725.229541,1889
638.942288,1890
663.481036,1891
637.826519,1892
743.102501,1893
667.470744,1894
686.902965,1895
659.238897,1896
644.850037,1897
757.605008,1898
625.212944,1899
671.715572,1900
629.080427,1901
685.444742,1902
681.635611,1903
663.594189,1904
643.707666,1905
670.296304,1906
840.960553,1907
708.631990,1908
708.833974,1909
681.499260,1910
632.344113,1911
640.056249,1912
661.635873,1913
675.101728,1914
615.688667,1915
640.888247,1916
656.639486,1917
693.878007,1918
645.621809,1919
669.669522,1920
687.217434,1921
673.561322,1922
702.422661,1923
652.570827,1924
714.327789,1925
650.228968,1926
705.926763,1927
702.605617,1928
701.473031,1929
655.493116,1930
644.450290,1931
671.523377,1932
633.556675,1933
608.742378,1934
651.070847,1935
736.590628,1936
678.677815,1937
659.724142,1938
659.195430,1939
657.384938,1940
647.933396,1941
691.818110,1942
754.511744,1943
703.216909,1944
707.060860,1945
642.501435,1946
660.310410,1947
690.822978,1948
750.661630,1949
638.536300,1950
729.319854,1951
654.562078,1952
669.471310,1953
635.658971,1954
712.715868,1955
645.635714,1956
650.867580,1957
622.728922,1958
728.772250,1959
659.859912,1960
688.335385,1961
682.100520,1962
677.722284,1963
749.744570,1964
776.932616,1965
646.803446,1966
611.937865,1967
617.338179,1968
680.673622,1969
656.853103,1970
732.702821,1971
723.614450,1972
664.915325,1973
695.066135,1974
732.200526,1975
650.981342,1976
678.856644,1977
705.432276,1978
656.082356,1979
701.030658,1980
659.221324,1981
677.393331,1982
685.961040,1983
686.075204,1984
705.187148,1985
723.188716,1986
659.809048,1987
626.741284,1988
640.476225,1989
656.631783,1990
642.814823,1991
678.144439,1992
677.663428,1993
701.276740,1994
676.458459,1995
681.563139,1996
701.285958,1997
653.776576,1998
684.508827,1999
697.094736,2000
666.426551,2001
680.489947,2002
699.467277,2003
654.808956,2004
679.117471,2005
720.940615,2006
669.486915,2007
757.747937,2008
704.432595,2009
697.660879,2010
666.127903,2011
661.744656,2012
719.658163,2013
644.031926,2014
663.171880,2015
665.136971,2016
664.059646,2017
739.526508,2018
657.834671,2019
718.070192,2020
678.453914,2021
621.615504,2022
697.348206,2023
673.115092,2024
690.508110,2025
656.269263,2026
649.970740,2027
736.451688,2028
647.542630,2029
635.375995,2030
615.597628,2031
707.201290,2032
625.119495,2033
678.642131,2034
670.721342,2035
711.908084,2036
708.558575,2037
681.450970,2038
664.392186,2039
762.616805,2040
690.940969,2041
663.696849,2042
684.258607,2043
714.887147,2044
666.226801,2045
694.596501,2046
690.589756,2047
740.658205,2048
646.067570,2049
593.036022,2050
671.344630,2051
674.922223,2052
626.275517,2053
651.133855,2054
688.279946,2055
648.462036,2056
686.053557,2057
664.306308,2058
669.000920,2059
609.940071,2060
630.484880,2061
694.556304,2062
709.382084,2063
656.033813,2064
666.621138,2065
704.993379,2066
621.635505,2067
673.983683,2068
640.385956,2069
700.790725,2070
693.969405,2071
668.077646,2072
663.633532,2073
655.205614,2074
639.755247,2075
645.598546,2076
665.245457,2077
670.683578,2078
702.275408,2079
679.059289,2080
696.214440,2081
671.690012,2082
657.824792,2083
622.341640,2084
678.444641,2085
697.474279,2086
636.729712,2087
645.178724,2088
692.564752,2089
648.909544,2090
663.362795,2091
662.955891,2092
739.962974,2093
685.287068,2094
669.543554,2095
649.106310,2096
600.448889,2097
724.065732,2098
636.778198,2099
730.833312,2100
648.373725,2101
702.414896,2102
656.843958,2103
668.352665,2104
651.048877,2105
664.175637,2106
637.267325,2107
657.596075,2108
603.270578,2109
729.577212,2110
646.009279,2111
670.253365,2112
700.377658,2113
640.425226,2114
673.795190,2115
690.897935,2116
662.279264,2117
688.075230,2118
644.711689,2119
652.388538,2120
631.991141,2121
673.403779,2122
621.221944,2123
712.927994,2124
698.296704,2125
731.636974,2126
711.909371,2127
650.175649,2128
655.510948,2129
710.458632,2130
715.981213,2131
655.167737,2132
664.362901,2133
594.211887,2134
669.587120,2135
639.539680,2136
708.503751,2137
660.307191,2138
714.666704,2139
639.862630,2140
714.831433,2141
657.008704,2142
654.773262,2143
682.144958,2144
696.674256,2145
637.568201,2146
710.170685,2147
688.271942,2148
658.417921,2149
742.364351,2150
646.279209,2151
659.118681,2152
692.984033,2153
680.740838,2154
621.360307,2155
665.398660,2156
661.656738,2157
676.509325,2158
706.159933,2159
668.511346,2160
653.746669,2161
675.563921,2162
683.540932,2163
609.058160,2164
652.484636,2165
744.880786,2166
709.014718,2167
652.393731,2168
653.210216,2169
680.815953,2170
671.422035,2171
745.700887,2172
639.107201,2173
682.235250,2174
688.075000,2175
603.131888,2176
655.367750,2177
672.950426,2178
650.189952,2179
647.756831,2180
694.082817,2181
671.973135,2182
612.949855,2183
669.676736,2184
699.025071,2185
661.405354,2186
697.909243,2187
746.976640,2188
652.365798,2189
631.279624,2190
682.980093,2191
650.112097,2192
675.654646,2193
671.589494,2194
666.759430,2195
586.486628,2196
629.205896,2197
668.850633,2198
652.438165,2199
662.665283,2200
637.237710,2201
681.647955,2202
662.791115,2203
662.205966,2204
679.808519,2205
716.857353,2206
655.304025,2207
660.410379,2208
676.891514,2209
697.750368,2210
675.352576,2211
710.737768,2212
643.991784,2213
687.154392,2214
739.122099,2215
683.837648,2216
645.142374,2217
764.772490,2218
665.043949,2219
642.471881,2220
695.428129,2221
713.013107,2222
709.880611,2223
701.365696,2224
682.421836,2225
690.210238,2226
639.910655,2227
671.502057,2228
635.363224,2229
708.793890,2230
678.209505,2231
663.945439,2232
728.556702,2233
665.650547,2234
653.249333,2235
680.528589,2236
694.976491,2237
709.780416,2238
700.196357,2239
655.946706,2240
695.586999,2241
669.552583,2242
732.674425,2243
697.891575,2244
637.104832,2245
655.128243,2246
704.484990,2247
716.704915,2248
691.846454,2249
743.375305,2250
747.415492,2251
679.120020,2252
632.771127,2253
694.235886,2254
674.594476,2255
722.901594,2256
757.122304,2257
745.276562,2258
618.348773,2259
687.300140,2260
640.364872,2261
659.989608,2262
710.122784,2263
684.960480,2264
690.977967,2265
717.048620,2266
653.058395,2267
621.254875,2268
723.870627,2269
666.565230,2270
684.848371,2271
625.419418,2272
684.628276,2273
720.862098,2274
670.509722,2275
734.956507,2276
705.822278,2277
660.701015,2278
731.889445,2279
652.872637,2280
689.324447,2281
657.989960,2282
660.982163,2283
628.314663,2284
669.204414,2285
694.364858,2286
626.979382,2287
641.825993,2288
671.354509,2289
721.746797,2290
682.809622,2291
687.152062,2292
656.084945,2293
671.799469,2294
714.955639,2295
640.969733,2296
665.985162,2297
712.344003,2298
641.955650,2299
684.818081,2300
676.913475,2301
642.593173,2302
685.514895,2303
661.030340,2304
681.179358,2305
709.637869,2306
646.558376,2307
657.134677,2308
722.302721,2309
771.378957,2310
696.939765,2311
626.309756,2312
698.551865,2313
710.082521,2314
671.354134,2315
674.324420,2316
674.122848,2317
649.643902,2318
657.424681,2319
709.086830,2320
676.060767,2321
702.310768,2322
712.220911,2323
726.741241,2324
717.668188,2325
655.725711,2326
732.489885,2327
633.524858,2328
653.761469,2329
639.410601,2330
664.805972,2331
708.242249,2332
721.645738,2333
666.164100,2334
669.409902,2335
660.744298,2336
684.856904,2337
648.888822,2338
625.340755,2339
727.715004,2340
626.255940,2341
659.318296,2342
614.741447,2343
703.554602,2344
638.881578,2345
687.199561,2346
736.237150,2347
635.423600,2348
628.857770,2349
689.638277,2350
694.530799,2351
664.780533,2352
663.891016,2353
692.315222,2354
653.752569,2355
666.937416,2356
669.705534,2357
751.886095,2358
772.530494,2359
703.531146,2360
708.403877,2361
679.939063,2362
637.440098,2363
662.865922,2364
685.320682,2365
644.562832,2366
646.149977,2367
633.428970,2368
726.084759,2369
687.078760,2370
677.264120,2371
653.388070,2372
660.471311,2373
690.639173,2374
620.014271,2375
658.269607,2376
723.962219,2377
717.889926,2378
689.096300,2379
760.665197,2380
674.345705,2381
622.726915,2382
641.914459,2383
659.047308,2384
622.104298,2385
672.107695,2386
654.841743,2387
620.058624,2388
668.905130,2389
688.102683,2390
669.570645,2391
654.990544,2392
642.844141,2393
710.570126,2394
647.295354,2395
681.379615,2396
692.214094,2397
696.116568,2398
674.033920,2399
678.070652,2400
605.747635,2401
621.841297,2402
687.944050,2403
666.193815,2404
680.725389,2405
644.514638,2406
664.404774,2407
663.827765,2408
674.761303,2409
694.475591,2410
694.329099,2411
686.394119,2412
599.337420,2413
712.114600,2414
674.436141,2415
742.993135,2416
695.787121,2417
675.441680,2418
676.207656,2419
710.396889,2420
639.443948,2421
719.513135,2422
639.935497,2423
622.866530,2424
681.381089,2425
648.512230,2426
706.174596,2427
645.210573,2428
630.100487,2429
618.763386,2430
671.237220,2431
669.903805,2432
736.169003,2433
707.309255,2434
643.686120,2435
708.569527,2436
635.187624,2437
709.937478,2438
671.506192,2439
698.541690,2440
676.466869,2441
682.160592,2442
696.396535,2443
622.263637,2444
679.999612,2445
707.096682,2446
742.046398,2447
693.602321,2448
660.149671,2449
679.039622,2450
633.478864,2451
643.844180,2452
657.422793,2453
669.769763,2454
697.918422,2455
649.878631,2456
698.477279,2457
674.166757,2458
660.013660,2459
650.095626,2460
630.979466,2461
637.522623,2462
632.907623,2463
656.449227,2464
658.756046,2465
659.885702,2466
647.506517,2467
629.524227,2468
637.591101,2469
736.928137,2470
687.644302,2471
696.584326,2472
627.331064,2473
687.244900,2474
724.112509,2475
701.966330,2476
670.006114,2477
681.703589,2478
627.574258,2479
703.454185,2480
642.662134,2481
664.559677,2482
692.652999,2483
659.185284,2484
678.941391,2485
656.308196,2486
634.036245,2487
685.389823,2488
669.993176,2489
675.118384,2490
669.666375,2491
691.717837,2492
708.660698,2493
624.965301,2494
655.090864,2495
713.339265,2496
684.529767,2497
657.968803,2498
594.633395,2499
634.970685,2500
726.950564,2501
723.499802,2502
636.018162,2503
687.177211,2504
629.569177,2505
719.346996,2506
643.308874,2507
717.422886,2508
694.445200,2509
665.906446,2510
677.645541,2511
683.733389,2512
693.785113,2513
701.864936,2514
609.266502,2515
663.675602,2516
765.812921,2517
633.620535,2518
677.149803,2519
674.505694,2520
698.055802,2521
730.777896,2522
691.645471,2523
662.070646,2524
735.113707,2525
691.152667,2526
648.940743,2527
660.163712,2528
607.861972,2529
649.325165,2530
676.557832,2531
705.729389,2532
632.124323,2533
695.708187,2534
762.643288,2535
706.449729,2536
624.314793,2537
591.332568,2538
657.933319,2539
629.340519,2540
689.763423,2541
674.332838,2542
682.639102,2543
711.727751,2544
737.781638,2545
666.880514,2546
705.091299,2547
676.687630,2548
634.022763,2549
719.975678,2550
651.033458,2551
626.257765,2552
657.663938,2553
636.922395,2554
668.333653,2555
698.475572,2556
644.650357,2557
674.581788,2558
678.195130,2559
648.542170,2560
685.616367,2561
684.777618,2562
659.054078,2563
755.560055,2564
662.148813,2565
689.433338,2566
648.869341,2567
654.148503,2568
680.747305,2569
627.740154,2570
670.690115,2571
694.477198,2572
680.181629,2573
644.414265,2574
663.088440,2575
622.179742,2576
685.730619,2577
681.636281,2578
671.057304,2579
666.466300,2580
621.354145,2581
696.421122,2582
645.819471,2583
666.305614,2584
658.781553,2585
728.156815,2586
651.397195,2587
660.687788,2588
635.087506,2589
658.983513,2590
607.917552,2591
678.101248,2592
660.099581,2593
645.172593,2594
642.729793,2595
691.510871,2596
615.026185,2597
639.247861,2598
683.929905,2599
669.644002,2600
674.083957,2601
687.238710,2602
630.933053,2603
646.385309,2604
662.652590,2605
650.982975,2606
652.857723,2607
618.356189,2608
692.279589,2609
678.784237,2610
653.160959,2611
645.473893,2612
652.088853,2613
644.167156,2614
701.017242,2615
636.975351,2616
665.594415,2617
664.447894,2618
624.788449,2619
693.558900,2620
713.632601,2621
634.010523,2622
620.736764,2623
655.680614,2624
631.721746,2625
694.794602,2626
645.703359,2627
635.429903,2628
653.153319,2629
609.139195,2630
658.406779,2631
702.161411,2632
699.164024,2633
625.710111,2634
658.167016,2635
700.797350,2636
676.178831,2637
711.189000,2638
730.992587,2639
670.498806,2640
686.656363,2641
658.847252,2642
689.829555,2643
699.625810,2644
665.758663,2645
748.851496,2646
711.726305,2647
626.225463,2648
655.596525,2649
700.773345,2650
694.136495,2651
671.932849,2652
687.115607,2653
674.261458,2654
715.402549,2655
641.410378,2656
666.129789,2657
722.731647,2658
760.631053,2659
697.278160,2660
653.971606,2661
636.254954,2662
672.124132,2663
676.255718,2664
651.061602,2665
660.128681,2666
701.506755,2667
714.817308,2668
653.583818,2669
730.579008,2670
735.259297,2671
699.857100,2672
691.505545,2673
681.980212,2674
673.936355,2675
666.536441,2676
669.315087,2677
654.132204,2678
711.491275,2679
664.129465,2680
632.793142,2681
659.830126,2682
656.103923,2683
657.908885,2684
618.725976,2685
618.932908,2686
701.107517,2687
688.122607,2688
640.874454,2689
629.132724,2690
609.935103,2691
709.890677,2692
681.485032,2693
648.889529,2694
663.011162,2695
648.849465,2696
635.107755,2697
694.595324,2698
712.956488,2699
691.416439,2700
660.807942,2701
640.150774,2702
626.096130,2703
668.115904,2704
658.400238,2705
710.509394,2706
650.642730,2707
752.839198,2708
653.902917,2709
631.603551,2710
651.377007,2711
670.205526,2712
667.081733,2713
719.214946,2714
674.579790,2715
643.983906,2716
638.577129,2717
674.519327,2718
675.418800,2719
632.077722,2720
673.959147,2721
691.486838,2722
695.130340,2723
650.373148,2724
668.802399,2725
740.735235,2726
649.347483,2727
678.010996,2728
660.297747,2729
726.657301,2730
637.180612,2731
680.997395,2732
669.062655,2733
671.766855,2734
660.987213,2735
654.016984,2736
690.976101,2737
704.066322,2738
681.504727,2739
629.185092,2740
677.810174,2741
632.239135,2742
692.996275,2743
696.431475,2744
662.653876,2745
656.763196,2746
651.812710,2747
639.165229,2748
663.410845,2749
684.895154,2750
727.533840,2751
685.836943,2752
667.776478,2753
678.293668,2754
635.660292,2755
693.558735,2756
706.034850,2757
678.716276,2758
733.089768,2759
633.174700,2760
679.422879,2761
608.522410,2762
672.937541,2763
669.285655,2764
678.032777,2765
681.524217,2766
640.605350,2767
655.485078,2768
682.737104,2769
664.240760,2770
721.977474,2771
687.923168,2772
672.017009,2773
702.382320,2774
708.609309,2775
666.238833,2776
754.106056,2777
665.620435,2778
667.507019,2779
660.962893,2780
678.096594,2781
725.393832,2782
656.086442,2783
695.882997,2784
717.728064,2785
615.014412,2786
627.678331,2787
735.857523,2788
713.915886,2789
684.135284,2790
662.013232,2791
706.453520,2792
674.685978,2793
665.577829,2794
654.437944,2795
618.427360,2796
624.067053,2797
610.332919,2798
700.879947,2799
669.012089,2800
718.529725,2801
649.116328,2802
670.572146,2803
697.654953,2804
688.753334,2805
618.384447,2806
717.113295,2807
685.343985,2808
682.403150,2809
671.472625,2810
664.262446,2811
691.151889,2812
645.944060,2813
690.291106,2814
689.143100,2815
681.409099,2816
684.255274,2817
630.272056,2818
691.703305,2819
636.423652,2820
660.703835,2821
654.836953,2822
653.716739,2823
671.388238,2824
644.101849,2825
625.719483,2826
711.830574,2827
667.555798,2828
665.470056,2829
658.658826,2830
669.004344,2831
690.855246,2832
719.824198,2833
735.374426,2834
629.443096,2835
620.166183,2836
666.142306,2837
691.184228,2838
727.949926,2839
654.002678,2840
642.453670,2841
688.954570,2842
672.174361,2843
666.065067,2844
695.124884,2845
693.676549,2846
663.135514,2847
707.860260,2848
647.543917,2849
648.090886,2850
680.191898,2851
653.315010,2852
678.692252,2853
648.860563,2854
676.533827,2855
670.081077,2856
714.187718,2857
679.617210,2858
659.161276,2859
674.324564,2860
698.848386,2861
685.839528,2862
683.177882,2863
659.281170,2864
740.240641,2865
675.920705,2866
703.158773,2867
687.408327,2868
663.864187,2869
601.133692,2870
731.646158,2871
623.061422,2872
689.117662,2873
676.126484,2874
590.058530,2875
679.152564,2876
683.538991,2877
624.130411,2878
625.475495,2879
704.423208,2880
635.028850,2881
689.285264,2882
650.755779,2883
653.105863,2884
702.412898,2885
669.603259,2886
678.489207,2887
657.226247,2888
719.026139,2889
664.238404,2890
667.780684,2891
677.204122,2892
735.086160,2893
616.545939,2894
688.364815,2895
676.453953,2896
662.948239,2897
638.106232,2898
755.440685,2899
700.583088,2900
659.413873,2901
674.444844,2902
654.674131,2903
668.387503,2904
647.321874,2905
644.262896,2906
611.086016,2907
689.564775,2908
701.534763,2909
701.142425,2910
692.207156,2911
782.893106,2912
677.629004,2913
677.496532,2914
647.628604,2915
601.082207,2916
655.653845,2917
694.793392,2918
619.926582,2919
688.930121,2920
644.632950,2921
639.929368,2922
636.263761,2923
698.675975,2924
694.213564,2925
626.348060,2926
682.905184,2927
698.868222,2928
651.696226,2929
690.896695,2930
709.471628,2931
640.521285,2932
712.621562,2933
685.705862,2934
639.249319,2935
651.344619,2936
649.055660,2937
711.011305,2938
648.809525,2939
698.447046,2940
644.891851,2941
683.831894,2942
620.407618,2943
621.152391,2944
653.970348,2945
652.044510,2946
655.337978,2947
671.760846,2948
672.798125,2949
628.117546,2950
630.451035,2951
663.049123,2952
763.962638,2953
690.388310,2954
636.265150,2955
709.288418,2956
642.550717,2957
641.418444,2958
672.587379,2959
673.058078,2960
664.991736,2961
699.254052,2962
701.990938,2963
615.494711,2964
603.463407,2965
649.429258,2966
696.114720,2967
741.644481,2968
639.363726,2969
676.830144,2970
663.093774,2971
647.409461,2972
655.120430,2973
755.781084,2974
690.900044,2975
685.505669,2976
709.118303,2977
644.342502,2978
665.493230,2979
677.980576,2980
630.511689,2981
713.962137,2982
657.212020,2983
670.598060,2984
646.753126,2985
632.595597,2986
688.623638,2987
711.207648,2988
655.943608,2989
636.894695,2990
677.952339,2991
632.761566,2992
671.083911,2993
689.345760,2994
668.301525,2995
670.708837,2996
666.247906,2997
689.314498,2998
655.608999,2999
672.604640,3000
704.677765,3001
708.179596,3002
698.673341,3003
613.183092,3004
613.861204,3005
658.196185,3006
688.182711,3007
632.250544,3008
767.228509,3009
662.398941,3010
681.298898,3011
645.744142,3012
676.798227,3013
634.949666,3014
709.294827,3015
690.300940,3016
657.816108,3017
734.621273,3018
670.524792,3019
628.650481,3020
657.564304,3021
780.254410,3022
694.027136,3023
684.376100,3024
708.608413,3025
647.433944,3026
667.866885,3027
646.029267,3028
629.274481,3029
654.220124,3030
670.323253,3031
685.557075,3032
714.159338,3033
703.145006,3034
701.347393,3035
631.551755,3036
654.096979,3037
658.410603,3038
663.463357,3039
661.254500,3040
644.788120,3041
686.337126,3042
703.960895,3043
672.628520,3044
700.541824,3045
668.338641,3046
598.751203,3047
724.131116,3048
674.360785,3049
677.349847,3050
697.573718,3051
674.929712,3052
682.291451,3053
634.623766,3054
611.706849,3055
692.631789,3056
626.406799,3057
630.622385,3058
657.299370,3059
767.095414,3060
688.933591,3061
625.261001,3062
655.875828,3063
680.446987,3064
629.216900,3065
694.357193,3066
669.763562,3067
718.778786,3068
733.313396,3069
675.478406,3070
668.904395,3071
653.743037,3072
655.531965,3073
639.587029,3074
695.764504,3075
655.606550,3076
659.547088,3077
633.932940,3078
652.441310,3079
638.815677,3080
645.426832,3081
683.758709,3082
681.108721,3083
650.086040,3084
723.488609,3085
748.631967,3086
726.198374,3087
635.147290,3088
682.835259,3089
677.522783,3090
658.131852,3091
709.764416,3092
637.568213,3093
671.768969,3094
678.119550,3095
629.389218,3096
695.625607,3097
673.631273,3098
715.117301,3099
678.192199,3100
666.789782,3101
650.148634,3102
724.661821,3103
667.277785,3104
741.587906,3105
673.218066,3106
681.562080,3107
699.104272,3108
659.103739,3109
651.373260,3110
665.289074,3111
704.299749,3112
689.975447,3113
671.806719,3114
732.196480,3115
641.861744,3116
677.596876,3117
646.668675,3118
715.970862,3119
632.921493,3120
728.362225,3121
705.202411,3122
711.962885,3123
698.652694,3124
666.552817,3125
644.433719,3126
637.796856,3127
654.198467,3128
637.164140,3129
704.190475,3130
721.438997,3131
666.964047,3132
625.437571,3133
684.187204,3134
678.316542,3135
658.633146,3136
647.723242,3137
699.624841,3138
680.047617,3139
639.577746,3140
689.353228,3141
692.209019,3142
663.998801,3143
650.434021,3144
682.727237,3145
671.905448,3146
620.681379,3147
600.454457,3148
643.035204,3149
647.015111,3150
711.520620,3151
618.493974,3152
613.344807,3153
665.191166,3154
652.524719,3155
672.634289,3156
740.339473,3157
657.869251,3158
709.770304,3159
749.740599,3160
700.449677,3161
687.409273,3162
724.915289,3163
684.911787,3164
660.370893,3165
696.076869,3166
743.219830,3167
659.568922,3168
675.146147,3169
661.588323,3170
734.804171,3171
709.442982,3172
638.980490,3173
681.960571,3174
658.248009,3175
670.097496,3176
694.339356,3177
616.368542,3178
691.367263,3179
743.012568,3180
679.051927,3181
615.998514,3182
684.337397,3183
675.139572,3184
690.333442,3185
607.257409,3186
626.339484,3187
720.282112,3188
668.015419,3189
659.780455,3190
639.673838,3191
664.857426,3192
703.519511,3193
676.845182,3194
682.775950,3195
732.990626,3196
658.541999,3197
617.387727,3198
685.464228,3199
691.809819,3200
717.568764,3201
704.257979,3202
607.549425,3203
639.001442,3204
735.411889,3205
658.465915,3206
673.460329,3207
673.680319,3208
721.059400,3209
700.772193,3210
655.231357,3211
649.945087,3212
680.545723,3213
686.067847,3214
699.664664,3215
677.897413,3216
672.296623,3217
724.784351,3218
645.794584,3219
661.291066,3220
688.085509,3221
694.588110,3222
678.605104,3223
722.397772,3224
676.671261,3225
611.812919,3226
643.963870,3227
692.035931,3228
653.755685,3229
643.547174,3230
613.091767,3231
677.876784,3232
695.511711,3233
674.195372,3234
726.063178,3235
742.201768,3236
784.036293,3237
650.596551,3238
680.214145,3239
773.804885,3240
656.869426,3241
619.012964,3242
679.866683,3243
680.058521,3244
667.624792,3245
640.062684,3246
726.492197,3247
706.104011,3248
674.723312,3249
618.189385,3250
702.799119,3251
653.689697,3252
679.101112,3253
704.537504,3254
655.398037,3255
629.799078,3256
630.139269,3257
672.472589,3258
688.225356,3259
654.456038,3260
701.855566,3261
619.960768,3262
617.097747,3263
680.080689,3264
683.061106,3265
688.548010,3266
686.976804,3267
706.630278,3268
651.978517,3269
683.114543,3270
678.662520,3271
664.701155,3272
640.533597,3273
655.857022,3274
712.225185,3275
806.595073,3276
717.539502,3277
780.127563,3278
724.028867,3279
657.973489,3280
630.689642,3281
613.275680,3282
668.669042,3283
698.770292,3284
660.033756,3285
674.668731,3286
654.906419,3287
658.032428,3288
662.315738,3289
711.264767,3290
697.480141,3291
647.431866,3292
664.612297,3293
663.298079,3294
631.068521,3295
666.287652,3296
609.523463,3297
655.946901,3298
626.859313,3299
660.259432,3300
732.028233,3301
627.273930,3302
685.234164,3303
693.215776,3304
660.415683,3305
646.118715,3306
696.250332,3307
632.113282,3308
685.416911,3309
649.417162,3310
652.723998,3311
685.453500,3312
688.855122,3313
708.884963,3314
657.461772,3315
659.521175,3316
713.413143,3317
675.263385,3318
680.545262,3319
694.426176,3320
677.833016,3321
693.090296,3322
661.016522,3323
704.728841,3324
625.835707,3325
647.943679,3326
677.445468,3327
677.949385,3328
662.705925,3329
704.881885,3330
663.741166,3331
655.721943,3332
744.351192,3333
646.076803,3334
698.858356,3335
643.942537,3336
706.276582,3337
699.668700,3338
645.076367,3339
724.702617,3340
705.989459,3341
694.362574,3342
622.607810,3343
670.294086,3344
677.899221,3345
655.604407,3346
671.185911,3347
665.671246,3348
666.395714,3349
651.792675,3350
650.220788,3351
679.230005,3352
631.131650,3353
700.803260,3354
653.539264,3355
633.407378,3356
669.473555,3357
646.685479,3358
692.236451,3359
712.531276,3360
635.238627,3361
681.943615,3362
687.739722,3363
659.421774,3364
645.799688,3365
686.589214,3366
638.689145,3367
654.409318,3368
664.526557,3369
680.718225,3370
692.989531,3371
698.223499,3372
667.136547,3373
625.001386,3374
732.337042,3375
724.734605,3376
680.029067,3377
681.616999,3378
661.584572,3379
657.844009,3380
692.063730,3381
678.772125,3382
689.041575,3383
663.713191,3384
699.495990,3385
647.114980,3386
689.435668,3387
675.445114,3388
663.129742,3389
670.648834,3390
650.434989,3391
694.419519,3392
677.350349,3393
695.866373,3394
637.050252,3395
716.988363,3396
733.085617,3397
633.459472,3398
632.601094,3399
705.201706,3400
719.799616,3401
664.178955,3402
655.724430,3403
670.195230,3404
692.944372,3405
694.192772,3406
724.712908,3407
685.101360,3408
651.882198,3409
697.701711,3410
644.602866,3411
669.387295,3412
667.030966,3413
665.794053,3414
631.409273,3415
683.374765,3416
678.121252,3417
689.848055,3418
674.401985,3419
632.075186,3420
665.150905,3421
685.821126,3422
728.332569,3423
689.665865,3424
730.220544,3425
646.401255,3426
632.439265,3427
655.206213,3428
700.774526,3429
633.372215,3430
694.884447,3431
695.247934,3432
788.380746,3433
664.220837,3434
716.341439,3435
641.457367,3436
702.725671,3437
655.541617,3438
732.514355,3439
695.652175,3440
668.247674,3441
611.017176,3442
615.730097,3443
633.263710,3444
734.974138,3445
699.810141,3446
649.112947,3447
651.063649,3448
671.395569,3449
716.340383,3450
710.677967,3451
660.266917,3452
644.001912,3453
635.644193,3454
662.819272,3455
691.001606,3456
682.137834,3457
654.269052,3458
650.790908,3459
685.747920,3460
655.477033,3461
613.856238,3462
673.808771,3463
696.729884,3464
710.835504,3465
715.464199,3466
691.243670,3467
658.010401,3468
664.621179,3469
711.512717,3470
766.083056,3471
727.804193,3472
628.376524,3473
630.350536,3474
645.058674,3475
612.505070,3476
687.599697,3477
650.954284,3478
579.088809,3479
633.098382,3480
675.690182,3481
650.706737,3482
650.166639,3483
671.238539,3484
641.033606,3485
666.335171,3486
692.576637,3487
733.957309,3488
680.535380,3489
730.221112,3490
695.238763,3491
653.251818,3492
689.725977,3493
654.431662,3494
657.333698,3495
659.672116,3496
665.780117,3497
684.621070,3498
705.653961,3499
774.795018,3500
716.468561,3501
625.220669,3502
723.900972,3503
669.919332,3504
617.613104,3505
697.431413,3506
712.817699,3507
665.469755,3508
676.590825,3509
647.576810,3510
667.082200,3511
622.753503,3512
668.951619,3513
652.378607,3514
636.408307,3515
680.056410,3516
677.554255,3517
673.217921,3518
698.871378,3519
687.268184,3520
716.040550,3521
705.488286,3522
663.997388,3523
634.554048,3524
643.559733,3525
659.785607,3526
631.144774,3527
664.244747,3528
671.837633,3529
662.923039,3530
623.814892,3531
629.679810,3532
729.253217,3533
655.596699,3534
667.726415,3535
678.490635,3536
659.946632,3537
640.640887,3538
644.107544,3539
654.681908,3540
646.533064,3541
633.597369,3542
657.502499,3543
665.556076,3544
650.053075,3545
691.760550,3546
617.797781,3547
731.339134,3548
758.388502,3549
806.916223,3550
640.126168,3551
711.805383,3552
649.221281,3553
617.050672,3554
671.495093,3555
674.233545,3556
628.901852,3557
701.434443,3558
688.366400,3559
692.076171,3560
675.035965,3561
637.063733,3562
648.943084,3563
720.414824,3564
652.218863,3565
688.652894,3566
625.174829,3567
649.360298,3568
684.734925,3569
653.072121,3570
666.951900,3571
743.195999,3572
712.733194,3573
679.756382,3574
641.257962,3575
690.981768,3576
722.274095,3577
757.554995,3578
712.430101,3579
721.422446,3580
713.629572,3581
710.968864,3582
635.058073,3583
678.638246,3584
654.300917,3585
634.846737,3586
662.920887,3587
724.466229,3588
674.209091,3589
657.471332,3590
689.664584,3591
596.868032,3592
683.382532,3593
678.807471,3594
631.094412,3595
657.818323,3596
665.250298,3597
694.319627,3598
660.404523,3599
684.325214,3600
676.500590,3601
701.126547,3602
652.399063,3603
650.186008,3604
646.586262,3605
714.575838,3606
686.405963,3607
643.274469,3608
706.473412,3609
741.259266,3610
704.401336,3611
698.392305,3612
609.007347,3613
672.833887,3614
668.491652,3615
624.948201,3616
687.749455,3617
602.129194,3618
666.199841,3619
660.578118,3620
661.154084,3621
688.539742,3622
678.785590,3623
693.375444,3624
715.631775,3625
657.896374,3626
717.335479,3627
680.581774,3628
611.220081,3629
650.866556,3630
657.040981,3631
612.009278,3632
675.812223,3633
703.713900,3634
719.255326,3635
706.254207,3636
661.540219,3637
686.237996,3638
631.767521,3639
655.826957,3640
670.449675,3641
655.731311,3642
689.336954,3643
648.476461,3644
676.983953,3645
651.969149,3646
703.441807,3647
689.922358,3648
684.328622,3649
694.462782,3650
658.507525,3651
654.699178,3652
651.289051,3653
676.426430,3654
627.664687,3655
645.618315,3656
622.274308,3657
668.165413,3658
670.924254,3659
664.614086,3660
770.214554,3661
666.520747,3662
671.545533,3663
657.951737,3664
690.148607,3665
674.181296,3666
696.311433,3667
700.157074,3668
697.464001,3669
686.502518,3670
677.548970,3671
704.528305,3672
612.025341,3673
690.693144,3674
656.221610,3675
635.933361,3676
698.053640,3677
701.175193,3678
659.347056,3679
691.119708,3680
597.919957,3681
647.081160,3682
614.957958,3683
700.066813,3684
681.499994,3685
653.160931,3686
678.338676,3687
667.473629,3688
664.291867,3689
637.614441,3690
621.781165,3691
631.918604,3692
642.274827,3693
667.884202,3694
755.323564,3695
690.282902,3696
721.135509,3697
654.066311,3698
676.288836,3699
688.056217,3700
696.771460,3701
666.520436,3702
596.023688,3703
661.104183,3704
629.557607,3705
659.460743,3706
621.945902,3707
657.938905,3708
656.996150,3709
678.260648,3710
693.920416,3711
711.448193,3712
652.633794,3713
649.302075,3714
649.808374,3715
662.912835,3716
684.310351,3717
691.987967,3718
648.251263,3719
675.748137,3720
716.709518,3721
672.566914,3722
691.499717,3723
687.349738,3724
623.432920,3725
684.105513,3726
640.779680,3727
759.977914,3728
659.479709,3729
678.360229,3730
683.889927,3731
758.825815,3732
637.465923,3733
658.579734,3734
673.009968,3735
671.796376,3736
692.972215,3737
686.686660,3738
744.098982,3739
609.649255,3740
643.683562,3741
723.537771,3742
660.420928,3743
733.184217,3744
690.443563,3745
636.613746,3746
792.798122,3747
647.011049,3748
631.786532,3749
694.589188,3750
653.292084,3751
711.700363,3752
746.586895,3753
699.259450,3754
685.141497,3755
665.162485,3756
643.667823,3757
646.261194,3758
630.997521,3759
665.391369,3760
636.906446,3761
624.933561,3762
696.333763,3763
671.101621,3764
637.928600,3765
751.548841,3766
592.059973,3767
685.051996,3768
661.605787,3769
707.799191,3770
700.004594,3771
681.914198,3772
672.141985,3773
648.660236,3774
678.390686,3775
654.773953,3776
742.361944,3777
660.350716,3778
725.667792,3779
681.576461,3780
698.409031,3781
701.538371,3782
667.208335,3783
703.402612,3784
705.335831,3785
619.721074,3786
697.496881,3787
676.164693,3788
637.860919,3789
661.419385,3790
671.047030,3791
707.499527,3792
643.334938,3793
702.063507,3794
675.901993,3795
641.814308,3796
658.376428,3797
655.039605,3798
683.443765,3799
683.032099,3800
675.546052,3801
628.501215,3802
653.471851,3803
701.807950,3804
647.298604,3805
677.031385,3806
661.494013,3807
677.712402,3808
677.030365,3809
691.035675,3810
663.156948,3811
739.779672,3812
709.424381,3813
687.257814,3814
632.565723,3815
730.782914,3816
674.563584,3817
702.240452,3818
634.618605,3819
705.626760,3820
652.620058,3821
693.350857,3822
651.718631,3823
664.650759,3824
607.707902,3825
661.146031,3826
675.769008,3827
699.952641,3828
679.775674,3829
676.017413,3830
660.102268,3831
726.928651,3832
663.717368,3833
668.154885,3834
679.931825,3835
746.364871,3836
658.526042,3837
626.824959,3838
687.126234,3839
670.075423,3840
739.267581,3841
662.104127,3842
662.794414,3843
672.980032,3844
642.658769,3845
650.305415,3846
675.990099,3847
632.493373,3848
665.699038,3849
614.844283,3850
699.180603,3851
673.514327,3852
674.021104,3853
677.095747,3854
713.268335,3855
652.848623,3856
613.330098,3857
676.838945,3858
638.207291,3859
687.738737,3860
828.308470,3861
674.023218,3862
659.972464,3863
753.089347,3864
741.995610,3865
686.547806,3866
699.146693,3867
712.930886,3868
653.866932,3869
669.348194,3870
635.169461,3871
667.976787,3872
717.038222,3873
628.437771,3874
645.058796,3875
678.559512,3876
735.686835,3877
671.756472,3878
625.436832,3879
664.139851,3880
669.893148,3881
633.239947,3882
746.115517,3883
681.044778,3884
632.778218,3885
709.424177,3886
697.656126,3887
666.044792,3888
672.354987,3889
643.442685,3890
674.189253,3891
728.453191,3892
638.552855,3893
680.574559,3894
665.689257,3895
694.935163,3896
656.892184,3897
705.648484,3898
680.818810,3899
672.362610,3900
724.912328,3901
607.251023,3902
690.239070,3903
654.333865,3904
643.412567,3905
613.510455,3906
673.038229,3907
624.087933,3908
646.130324,3909
649.718515,3910
701.353501,3911
694.264906,3912
680.279166,3913
666.349031,3914
635.660249,3915
649.655707,3916
656.693642,3917
704.252089,3918
637.736437,3919
668.875414,3920
708.397389,3921
655.161352,3922
652.289895,3923
660.925627,3924
692.368856,3925
700.070923,3926
691.100799,3927
599.734035,3928
660.949153,3929
643.078720,3930
698.295869,3931
661.849981,3932
675.576534,3933
651.621925,3934
710.112178,3935
678.832037,3936
678.156295,3937
687.328492,3938
711.730757,3939
692.078826,3940
662.923944,3941
631.852916,3942
704.256061,3943
652.597787,3944
646.792887,3945
631.755366,3946
646.483504,3947
603.054772,3948
672.070401,3949
658.569955,3950
643.509711,3951
681.567540,3952
705.759506,3953
663.100372,3954
650.700285,3955
658.513577,3956
611.761785,3957
665.542705,3958
688.909552,3959
636.457260,3960
649.149090,3961
633.060314,3962
689.977552,3963
636.612522,3964
681.179336,3965
684.269387,3966
644.525727,3967
656.011780,3968
719.634995,3969
667.975129,3970
664.270811,3971
706.281426,3972
668.750341,3973
677.651659,3974
698.928034,3975
659.826737,3976
635.611284,3977
682.839802,3978
653.025885,3979
653.159715,3980
681.556967,3981
746.862181,3982
683.241875,3983
639.089868,3984
660.633546,3985
655.283707,3986
651.019807,3987
630.140569,3988
697.504292,3989
700.150697,3990
784.369742,3991
883.479929,3992
681.109242,3993
697.517188,3994
686.893728,3995
643.901303,3996
680.428746,3997
707.072121,3998
679.024712,3999
632.033484,4000
681.225642,4001
695.781455,4002
693.453184,4003
661.550626,4004
634.411103,4005
659.049468,4006
640.882046,4007
658.677075,4008
770.601328,4009
639.803095,4010
631.587023,4011
642.315348,4012
691.784394,4013
724.218605,4014
660.536993,4015
688.968283,4016
693.109839,4017
710.072947,4018
681.374331,4019
657.419626,4020
641.613082,4021
689.168139,4022
653.695667,4023
661.404725,4024
649.445349,4025
639.971012,4026
610.310356,4027
634.446518,4028
627.837083,4029
642.485539,4030
675.342798,4031
671.614379,4032
675.103378,4033
707.758151,4034
741.269881,4035
637.999432,4036
734.535432,4037
659.727657,4038
667.340108,4039
685.822664,4040
670.812720,4041
744.039393,4042
698.247291,4043
712.782210,4044
647.490757,4045
642.134510,4046
601.436028,4047
690.628220,4048
663.128018,4049
619.371632,4050
607.477214,4051
662.981648,4052
699.197019,4053
723.385446,4054
672.123427,4055
696.741270,4056
695.997586,4057
703.557102,4058
671.597466,4059
706.623547,4060
654.856346,4061
632.185490,4062
650.688520,4063
657.297761,4064
662.168275,4065
683.587937,4066
673.761230,4067
644.815694,4068
687.846351,4069
665.109338,4070
706.126800,4071
640.394966,4072
665.898264,4073
697.466908,4074
667.030848,4075
638.993928,4076
675.759449,4077
680.286950,4078
637.828247,4079
641.803596,4080
653.270870,4081
650.594116,4082
653.581963,4083
656.447370,4084
667.035233,4085
660.270816,4086
703.434697,4087
662.182059,4088
680.934758,4089
667.010489,4090
645.496203,4091
637.589257,4092
645.038641,4093
751.128278,4094
663.126846,4095
676.723109,4096
657.492009,4097
676.493650,4098
664.415302,4099
642.069457,4100
718.864358,4101
664.155851,4102
710.771985,4103
737.354676,4104
686.537179,4105
678.552639,4106
635.265877,4107
667.473031,4108
691.294674,4109
669.171371,4110
692.405348,4111
691.878093,4112
617.278026,4113
631.150685,4114
690.572008,4115
692.869726,4116
664.381661,4117
651.667542,4118
635.009486,4119
706.968046,4120
670.814846,4121
621.566076,4122
739.791846,4123
656.048924,4124
694.183537,4125
697.279648,4126
713.398889,4127
633.591168,4128
673.868810,4129
641.996384,4130
709.785031,4131
725.969736,4132
673.439285,4133
648.737610,4134
708.919879,4135
676.644209,4136
645.847599,4137
625.615507,4138
733.018695,4139
649.915692,4140
673.244109,4141
649.945990,4142
643.777468,4143
629.269851,4144
661.391422,4145
655.438852,4146
667.413702,4147
646.246045,4148
628.443830,4149
658.670125,4150
682.620690,4151
671.481057,4152
708.050601,4153
664.241643,4154
668.240997,4155
619.968418,4156
683.970643,4157
723.383727,4158
657.431411,4159
746.955870,4160
640.523120,4161
641.840854,4162
701.014861,4163
736.485249,4164
663.382626,4165
650.331885,4166
709.671960,4167
670.753810,4168
666.622359,4169
668.799944,4170
663.642432,4171
640.917871,4172
694.002118,4173
666.037414,4174
689.508498,4175
682.361411,4176
678.816601,4177
646.600111,4178
701.139775,4179
766.209101,4180
663.375860,4181
693.891831,4182
670.825815,4183
659.870243,4184
694.398399,4185
658.108522,4186
657.887763,4187
658.565163,4188
676.537731,4189
768.062021,4190
653.144768,4191
703.297241,4192
688.028265,4193
682.533450,4194
690.717307,4195
659.438020,4196
674.175006,4197
692.682498,4198
655.808537,4199
681.230671,4200
679.486281,4201
645.042511,4202
659.681455,4203
669.545034,4204
638.838710,4205
700.450511,4206
688.369192,4207
665.934152,4208
633.911537,4209
730.325348,4210
652.244865,4211
629.890511,4212
630.003751,4213
691.395957,4214
689.882808,4215
692.340473,4216
688.779946,4217
638.423895,4218
674.568189,4219
649.762242,4220
611.057130,4221
666.404620,4222
680.467555,4223
686.132595,4224
631.070659,4225
667.966282,4226
612.127953,4227
617.664175,4228
665.458881,4229
671.327899,4230
695.688485,4231
641.254545,4232
689.262894,4233
617.467493,4234
670.827402,4235
720.105899,4236
679.470606,4237
689.723502,4238
671.344720,4239
693.346757,4240
605.387116,4241
657.884690,4242
640.848085,4243
655.840342,4244
614.175511,4245
636.351132,4246
676.407969,4247
614.751836,4248
666.631999,4249
614.028919,4250
677.679556,4251
638.572415,4252
678.273842,4253
696.848918,4254
683.986102,4255
637.890879,4256
666.007090,4257
696.028638,4258
636.516032,4259
665.556635,4260
677.877368,4261
667.270292,4262
710.792784,4263
731.550344,4264
716.282078,4265
684.679467,4266
656.897223,4267
708.114632,4268
624.828517,4269
651.366972,4270
644.791678,4271
718.146796,4272
655.969834,4273
659.941688,4274
684.063323,4275
706.505093,4276
657.510502,4277
685.075514,4278
737.005492,4279
730.898456,4280
659.669745,4281
702.032802,4282
643.978956,4283
711.920244,4284
693.948312,4285
692.498496,4286
693.153732,4287
621.349884,4288
671.972719,4289
706.811588,4290
651.468873,4291
626.937150,4292
622.620536,4293
660.253115,4294
666.426228,4295
638.618795,4296
677.871090,4297
682.370940,4298
674.088597,4299
690.336075,4300
698.945001,4301
635.895642,4302
694.232101,4303
632.152305,4304
673.427787,4305
652.828626,4306
687.644327,4307
667.449800,4308
627.333024,4309
649.274918,4310
696.126246,4311
684.667273,4312
739.172642,4313
676.118604,4314
697.565012,4315
706.160104,4316
687.902782,4317
644.987837,4318
745.539238,4319
680.591541,4320
631.492386,4321
727.047497,4322
630.081346,4323
647.842861,4324
700.923735,4325
695.461992,4326
644.767450,4327
690.995144,4328
690.316376,4329
715.414201,4330
654.994176,4331
610.235776,4332
651.281831,4333
731.621978,4334
659.087252,4335
590.946567,4336
684.463501,4337
714.174266,4338
639.795351,4339
661.446298,4340
696.764602,4341
635.300756,4342
656.833479,4343
650.507499,4344
654.187189,4345
664.255563,4346
652.690873,4347
688.498591,4348
699.685439,4349
676.212194,4350
664.522453,4351
642.549944,4352
663.244672,4353
665.577647,4354
680.759688,4355
832.828939,4356
688.534721,4357
688.686577,4358
664.963975,4359
658.900032,4360
720.693573,4361
671.870614,4362
646.324318,4363
636.327223,4364
621.575101,4365
617.592613,4366
636.389426,4367
666.670185,4368
708.808028,4369
638.172531,4370
639.261776,4371
685.493633,4372
647.270617,4373
699.977962,4374
688.803914,4375
669.303797,4376
627.379313,4377
640.870086,4378
697.874937,4379
668.794413,4380
636.300884,4381
678.424235,4382
669.048652,4383
691.357620,4384
668.786478,4385
690.260515,4386
641.640183,4387
681.309295,4388
688.214857,4389
677.495812,4390
648.961886,4391
686.299027,4392
714.981203,4393
674.386718,4394
645.745029,4395
702.779799,4396
692.096254,4397
672.641703,4398
693.545675,4399
709.531866,4400
688.022735,4401
659.020158,4402
629.716433,4403
671.669110,4404
736.634862,4405
673.823633,4406
738.618554,4407
681.678001,4408
659.673870,4409
687.340087,4410
688.266537,4411
675.152719,4412
647.594627,4413
649.420768,4414
641.480352,4415
621.556242,4416
653.155614,4417
635.361590,4418
700.600086,4419
699.813057,4420
651.386285,4421
616.726082,4422
646.847421,4423
668.232762,4424
717.821037,4425
660.744389,4426
626.284027,4427
652.580800,4428
665.859797,4429
700.770596,4430
742.054789,4431
718.129545,4432
695.724363,4433
653.918490,4434
684.253436,4435
608.852216,4436
692.893375,4437
687.251284,4438
680.442419,4439
681.563015,4440
653.593163,4441
661.911212,4442
723.747004,4443
675.489857,4444
618.210835,4445
693.893076,4446
680.998938,4447
672.043787,4448
654.184109,4449
697.846839,4450
667.052308,4451
735.681326,4452
688.787355,4453
686.427822,4454
633.114285,4455
670.212096,4456
647.722990,4457
686.119656,4458
700.655692,4459
611.609286,4460
632.205997,4461
668.146240,4462
667.258960,4463
670.601887,4464
613.252267,4465
697.552280,4466
691.338679,4467
643.265993,4468
671.317497,4469
656.132046,4470
654.480258,4471
659.442625,4472
656.466382,4473
585.986066,4474
651.208172,4475
638.086145,4476
648.339165,4477
639.971285,4478
634.324029,4479
603.770926,4480
644.850697,4481
657.907666,4482
629.053770,4483
667.881474,4484
685.763071,4485
628.708214,4486
638.214527,4487
654.010647,4488
714.640377,4489
679.846219,4490
709.929795,4491
645.832940,4492
676.654383,4493
689.331987,4494
687.434871,4495
639.349780,4496
722.050411,4497
705.797140,4498
636.486586,4499
659.360587,4500
665.818510,4501
631.882140,4502
636.722070,4503
658.460076,4504
692.145032,4505
695.263445,4506
696.481946,4507
643.965861,4508
685.972715,4509
679.995980,4510
672.464706,4511
686.771182,4512
715.039719,4513
666.327954,4514
670.941345,4515
676.950681,4516
656.982470,4517
726.668707,4518
677.577456,4519
689.846470,4520
656.639967,4521
617.744178,4522
662.474213,4523
636.761770,4524
643.863236,4525
678.115813,4526
714.270011,4527
624.865145,4528
624.580755,4529
686.655536,4530
662.009041,4531
682.778098,4532
686.975209,4533
607.252288,4534
689.234434,4535
700.113312,4536
661.714236,4537
684.356133,4538
689.440128,4539
628.931691,4540
705.942885,4541
645.727066,4542
664.621857,4543
646.514955,4544
629.644099,4545
646.402415,4546
701.054667,4547
664.898941,4548
622.374463,4549
624.320468,4550
647.196903,4551
628.414710,4552
645.688886,4553
772.116159,4554
650.296136,4555
623.287905,4556
644.226526,4557
633.920668,4558
648.263102,4559
700.535204,4560
709.845733,4561
662.296517,4562
718.564696,4563
663.838632,4564
609.422065,4565
684.644467,4566
653.725936,4567
662.461308,4568
680.596586,4569
655.669800,4570
667.867344,4571
705.238957,4572
701.423301,4573
672.380863,4574
619.412512,4575
651.011309,4576
616.368998,4577
623.658578,4578
608.554564,4579
631.147335,4580
743.808030,4581
683.247802,4582
639.828851,4583
627.755243,4584
671.960737,4585
676.898615,4586
617.646114,4587
677.084187,4588
622.656432,4589
631.796991,4590
718.311656,4591
694.353318,4592
670.989975,4593
649.789955,4594
710.252991,4595
666.749870,4596
663.951195,4597
698.696990,4598
678.437692,4599
790.684015,4600
679.280986,4601
617.660790,4602
638.615129,4603
616.859055,4604
665.767779,4605
632.261853,4606
594.049898,4607
653.093083,4608
620.263867,4609
729.895676,4610
673.152382,4611
673.136988,4612
672.785244,4613
660.490478,4614
664.851288,4615
698.356502,4616
701.223514,4617
673.467385,4618
619.440217,4619
654.258448,4620
645.554398,4621
698.516045,4622
719.461776,4623
689.343033,4624
630.465002,4625
608.137060,4626
674.895535,4627
690.834862,4628
771.850656,4629
653.794388,4630
744.676969,4631
685.485586,4632
616.553942,4633
630.700183,4634
683.138194,4635
741.550301,4636
692.444555,4637
652.090974,4638
631.897990,4639
652.578222,4640
717.125793,4641
635.063404,4642
643.203846,4643
677.644491,4644
653.852135,4645
628.615493,4646
631.637379,4647
654.193018,4648
619.604740,4649
632.815635,4650
760.251044,4651
681.218586,4652
691.489965,4653
643.486155,4654
672.513865,4655
688.562596,4656
641.241078,4657
696.104700,4658
677.445833,4659
628.662332,4660
710.998389,4661
673.809802,4662
702.117816,4663
707.548946,4664
622.232177,4665
707.292446,4666
691.851495,4667
620.627992,4668
758.963771,4669
785.590518,4670
657.202137,4671
727.366732,4672
722.962203,4673
636.345165,4674
746.751350,4675
646.254380,4676
714.630185,4677
709.205391,4678
657.488729,4679
657.654855,4680
699.829549,4681
648.305509,4682
620.089261,4683
657.840139,4684
682.086033,4685
661.943392,4686
643.221624,4687
658.092583,4688
674.065523,4689
668.760712,4690
677.124951,4691
665.801096,4692
666.478669,4693
637.707426,4694
666.593917,4695
626.508422,4696
597.219699,4697
651.858078,4698
701.080291,4699
710.010811,4700
655.237143,4701
698.443400,4702
704.828969,4703
767.512943,4704
672.424900,4705
679.469835,4706
629.184117,4707
686.602187,4708
700.108717,4709
620.425736,4710
678.888137,4711
649.400243,4712
712.004277,4713
679.767512,4714
679.638666,4715
672.617124,4716
705.873636,4717
643.651370,4718
657.008840,4719
720.994674,4720
735.165094,4721
715.037212,4722
614.646623,4723
731.902058,4724
640.035910,4725
719.692610,4726
642.418688,4727
720.725008,4728
635.981181,4729
683.603536,4730
726.217355,4731
624.562414,4732
634.363370,4733
737.884881,4734
613.894813,4735
661.753973,4736
638.042224,4737
736.863149,4738
669.663592,4739
667.272598,4740
686.440589,4741
679.484009,4742
668.434833,4743
623.991550,4744
659.725954,4745
716.000660,4746
691.787061,4747
721.712870,4748
657.850941,4749
687.172373,4750
678.666346,4751
657.435614,4752
614.326682,4753
663.319210,4754
662.972696,4755
653.827140,4756
646.549016,4757
685.041188,4758
646.061497,4759
675.945475,4760
659.669310,4761
658.554937,4762
675.386319,4763
608.325793,4764
670.253811,4765
684.511360,4766
693.742402,4767
703.222426,4768
695.382155,4769
675.186752,4770
667.717139,4771
694.719702,4772
650.194404,4773
678.954861,4774
653.935368,4775
674.225738,4776
640.749990,4777
756.019586,4778
695.226826,4779
635.993642,4780
685.269576,4781
698.373482,4782
657.802556,4783
660.633926,4784
658.918150,4785
674.746503,4786
666.778268,4787
681.270709,4788
666.983525,4789
703.829807,4790
673.392118,4791
628.945567,4792
667.820066,4793
621.048394,4794
688.167421,4795
700.810412,4796
649.552458,4797
685.321676,4798
745.923664,4799
666.193424,4800
679.319916,4801
717.609206,4802
679.860496,4803
643.480854,4804
701.809269,4805
682.991305,4806
695.271909,4807
685.450909,4808
672.641255,4809
670.224055,4810
665.081497,4811
618.409532,4812
712.159700,4813
685.805261,4814
693.518280,4815
685.043133,4816
719.498936,4817
694.265623,4818
690.758468,4819
630.248714,4820
650.122170,4821
665.351303,4822
658.919365,4823
648.744111,4824
673.630750,4825
727.014784,4826
654.804376,4827
668.688225,4828
675.308193,4829
690.183028,4830
697.128664,4831
656.924457,4832
719.582478,4833
646.427460,4834
717.301310,4835
650.733762,4836
733.065700,4837
685.055103,4838
686.704662,4839
656.292675,4840
672.913821,4841
626.133905,4842
651.679001,4843
746.457467,4844
646.936354,4845
675.294250,4846
657.057074,4847
644.283373,4848
705.076557,4849
713.915033,4850
649.631090,4851
620.853118,4852
654.407535,4853
724.081614,4854
655.720215,4855
685.275456,4856
684.567809,4857
708.675764,4858
690.296987,4859
653.954575,4860
642.961156,4861
728.416677,4862
650.208226,4863
721.162373,4864
710.738699,4865
673.005774,4866
706.330925,4867
698.078238,4868
627.909878,4869
675.501273,4870
678.064209,4871
633.809878,4872
725.554030,4873
626.735642,4874
658.838493,4875
678.030162,4876
712.533529,4877
640.910323,4878
714.596035,4879
738.938619,4880
766.436310,4881
754.017354,4882
623.287515,4883
687.006097,4884
635.771965,4885
643.558524,4886
652.305273,4887
683.205441,4888
740.521727,4889
618.238195,4890
668.499279,4891
658.012997,4892
641.307185,4893
647.692628,4894
642.132823,4895
684.886811,4896
737.738564,4897
643.465053,4898
669.276725,4899
616.343874,4900
686.576110,4901
657.604289,4902
648.042600,4903
675.976925,4904
671.664237,4905
664.102110,4906
764.800802,4907
832.425967,4908
714.957188,4909
693.735792,4910
628.327345,4911
693.475616,4912
702.210366,4913
641.344835,4914
661.005232,4915
700.754493,4916
687.153621,4917
692.109932,4918
682.038400,4919
690.489085,4920
615.571874,4921
660.337266,4922
685.158125,4923
647.089111,4924
655.470088,4925
675.036631,4926
681.289631,4927
748.693268,4928
678.442192,4929
691.441981,4930
656.585321,4931
676.124307,4932
601.402049,4933
705.026914,4934
664.701376,4935
718.889041,4936
645.201853,4937
693.035632,4938
834.114235,4939
693.920338,4940
694.146113,4941
714.847993,4942
651.462788,4943
619.273261,4944
647.041290,4945
743.263736,4946
676.868713,4947
702.683581,4948
688.359234,4949
706.543697,4950
723.676394,4951
627.193116,4952
653.330388,4953
737.281179,4954
656.493156,4955
664.231676,4956
686.953227,4957
656.713268,4958
699.937340,4959
664.159359,4960
687.848036,4961
705.396199,4962
632.390695,4963
662.569954,4964
625.272070,4965
668.713609,4966
672.154875,4967
714.373547,4968
633.817313,4969
674.706671,4970
741.502170,4971
651.522420,4972
693.437161,4973
610.880049,4974
645.659552,4975
688.040708,4976
643.242633,4977
673.289585,4978
706.527820,4979
647.311471,4980
619.535232,4981
664.694833,4982
662.082067,4983
634.432845,4984
652.750854,4985
715.493282,4986
699.255844,4987
617.728801,4988
713.938324,4989
661.311509,4990
676.167014,4991
670.204144,4992
656.407706,4993
633.521208,4994
671.423554,4995
636.534793,4996
660.653481,4997
597.036679,4998
687.174390,4999
697.943579,5000
