ploss,batch_index
0.014164,1
0.047131,2
0.057312,3
0.068548,4
0.058091,5
0.049904,6
0.023904,7
0.044088,8
0.072000,9
0.053360,10
0.072727,11
0.023952,12
0.051653,13
0.034156,14
0.041667,15
0.021318,16
0.055670,17
0.019802,18
0.027132,19
0.024845,20
0.007797,21
0.003960,22
0.032922,23
0.080000,24
0.058586,25
0.050916,26
0.019048,27
0.033755,28
0.122047,29
0.039139,30
0.020202,31
0.024341,32
0.036072,33
0.064000,34
0.084337,35
0.057426,36
0.062868,37
0.008230,38
0.045276,39
0.027613,40
0.016598,41
0.073413,42
0.033010,43
0.098160,44
0.064327,45
0.006073,46
0.069959,47
0.064394,48
0.040733,49
0.014199,50
0.023762,51
0.038229,52
0.019194,53
0.070815,54
0.079268,55
0.027723,56
0.034951,57
0.063618,58
0.020284,59
0.028626,60
0.025210,61
0.043825,62
0.046559,63
0.100196,64
0.003899,65
0.024590,66
0.090909,67
0.008000,68
0.036364,69
0.040323,70
0.024809,71
0.049689,72
0.064961,73
0.040984,74
0.036822,75
0.014403,76
0.035270,77
0.086792,78
0.033058,79
0.036511,80
0.026415,81
0.053061,82
0.075547,83
0.074951,84
0.010183,85
0.052738,86
0.040000,87
0.058824,88
0.040323,89
0.025145,90
0.075157,91
0.099379,92
0.085271,93
0.058000,94
0.117172,95
0.020284,96
0.093933,97
0.035928,98
0.067511,99
0.076923,100
0.087041,101
0.041850,102
0.060665,103
0.113680,104
0.041667,105
0.053571,106
0.033126,107
0.030120,108
0.057426,109
0.056641,110
0.010776,111
0.103578,112
0.060194,113
0.046414,114
0.069170,115
0.040936,116
0.028571,117
0.057269,118
0.054945,119
0.082996,120
0.005917,121
0.007921,122
0.049801,123
0.037190,124
0.060729,125
0.094118,126
0.050485,127
0.000000,128
0.039604,129
0.065217,130
0.000000,131
0.025692,132
0.081349,133
0.043478,134
0.109344,135
0.075581,136
0.026585,137
0.113095,138
0.060904,139
0.030534,140
0.017928,141
0.002053,142
0.027311,143
0.060721,144
0.059548,145
0.047904,146
0.040385,147
0.016529,148
0.031746,149
0.023810,150
0.000000,151
0.037328,152
0.025105,153
0.114583,154
0.098485,155
0.022000,156
0.108317,157
0.000000,158
0.047985,159
0.015686,160
0.078351,161
0.037773,162
0.020921,163
0.030829,164
0.064583,165
0.034836,166
0.069364,167
0.076923,168
0.068000,169
0.055877,170
0.024096,171
0.025157,172
0.053678,173
0.034884,174
0.030738,175
0.065476,176
0.055102,177
0.119093,178
0.043299,179
0.068136,180
0.070312,181
0.027668,182
0.083333,183
0.032129,184
0.071138,185
0.048117,186
0.108779,187
0.018367,188
0.092555,189
0.054878,190
0.071017,191
0.032946,192
0.054852,193
0.080000,194
0.084168,195
0.086705,196
0.023438,197
0.038229,198
0.052061,199
0.072761,200
0.000000,201
0.065476,202
0.074074,203
0.078261,204
0.060417,205
0.120148,206
0.040241,207
0.039761,208
0.021825,209
0.096192,210
0.054435,211
0.039256,212
0.085828,213
0.043478,214
0.051690,215
0.055118,216
0.050201,217
0.007984,218
0.030738,219
0.054000,220
0.086694,221
0.056911,222
0.011742,223
0.000000,224
0.026316,225
0.037037,226
0.046316,227
0.070312,228
0.031683,229
0.054217,230
0.007937,231
0.079108,232
0.060606,233
0.046000,234
0.016000,235
0.028226,236
0.127701,237
0.073786,238
0.073320,239
0.068041,240
0.036680,241
0.038000,242
0.051793,243
0.032193,244
0.072016,245
0.046154,246
0.021696,247
0.015054,248
0.103448,249
0.043659,250
0.023033,251
0.034623,252
0.050302,253
0.044574,254
0.017857,255
0.118644,256
0.046784,257
0.034068,258
0.065089,259
0.021654,260
0.027542,261
0.064639,262
0.050740,263
0.132265,264
0.077381,265
0.035581,266
0.030043,267
0.033010,268
0.073922,269
0.031496,270
0.065089,271
0.101833,272
0.033797,273
0.065764,274
0.022403,275
0.048565,276
0.132110,277
0.107724,278
0.062977,279
0.034632,280
0.092555,281
0.075697,282
0.054717,283
0.014257,284
0.044118,285
0.035448,286
0.048319,287
0.133333,288
0.047431,289
0.015414,290
0.022312,291
0.024540,292
0.027027,293
0.012320,294
0.046371,295
0.088933,296
0.058943,297
0.073770,298
0.085437,299
0.107822,300
0.082353,301
0.096457,302
0.070588,303
0.073469,304
0.054820,305
0.037773,306
0.032653,307
0.054878,308
0.006198,309
0.063218,310
0.016360,311
0.010183,312
0.057143,313
0.046278,314
0.040000,315
0.060904,316
0.044266,317
0.009579,318
0.018109,319
0.026423,320
0.026263,321
0.087935,322
0.029851,323
0.030435,324
0.036563,325
0.021930,326
0.112595,327
0.031621,328
0.034409,329
0.054409,330
0.028689,331
0.000000,332
0.013699,333
0.043478,334
0.027833,335
0.033399,336
0.037113,337
0.044444,338
0.013487,339
0.040080,340
0.008048,341
0.020040,342
0.056795,343
0.065217,344
0.060665,345
0.077236,346
0.052734,347
0.032454,348
0.043210,349
0.056751,350
0.006036,351
0.032454,352
0.039761,353
0.084813,354
0.084211,355
0.131274,356
0.036585,357
0.075435,358
0.061144,359
0.038540,360
0.024283,361
0.080882,362
0.001980,363
0.043033,364
0.086873,365
0.010309,366
0.054767,367
0.136634,368
0.050100,369
0.042596,370
0.033399,371
0.048544,372
0.057495,373
0.065979,374
0.083821,375
0.032819,376
0.025370,377
0.035785,378
0.023762,379
0.034816,380
0.036810,381
0.009980,382
0.080808,383
0.120079,384
0.019569,385
0.002110,386
0.061185,387
0.068548,388
0.010373,389
0.057252,390
0.043668,391
0.084778,392
0.051896,393
0.053360,394
0.023346,395
0.049080,396
0.054435,397
0.015123,398
0.032895,399
0.035917,400
0.040404,401
0.036660,402
0.092213,403
0.069982,404
0.055085,405
0.026971,406
0.048000,407
0.051136,408
0.036735,409
0.018908,410
0.104743,411
0.083333,412
0.007605,413
0.018868,414
0.030364,415
0.034553,416
0.067594,417
0.055227,418
0.022177,419
0.047244,420
0.000000,421
0.015564,422
0.020243,423
0.012739,424
0.062249,425
0.074951,426
0.046784,427
0.044266,428
0.014374,429
0.027197,430
0.049242,431
0.024390,432
0.011650,433
0.005941,434
0.089980,435
0.076768,436
0.045283,437
0.032587,438
0.035714,439
0.049505,440
0.046653,441
0.096647,442
0.027237,443
0.043933,444
0.068548,445
0.034483,446
0.028340,447
0.046185,448
0.085770,449
0.037422,450
0.019342,451
0.026263,452
0.020367,453
0.018036,454
0.059730,455
0.042683,456
0.031373,457
0.040241,458
0.051896,459
0.047521,460
0.107943,461
0.099010,462
0.031008,463
0.049383,464
0.062378,465
0.083333,466
0.019802,467
0.004124,468
0.059761,469
0.052336,470
0.034335,471
0.050916,472
0.007678,473
0.004132,474
0.034351,475
0.091286,476
0.035503,477
0.096579,478
0.052632,479
0.174098,480
0.064516,481
0.029106,482
0.025948,483
0.053360,484
0.051760,485
0.062738,486
0.020964,487
0.025540,488
0.003795,489
0.017021,490
0.020040,491
0.000000,492
0.047521,493
0.159136,494
0.026565,495
0.012658,496
0.075099,497
0.021569,498
0.002037,499
0.061508,500
0.031809,501
0.013780,502
0.061728,503
0.049801,504
0.016032,505
0.047151,506
0.081761,507
0.062868,508
0.050201,509
0.083012,510
0.072978,511
0.048193,512
0.009785,513
0.032328,514
0.054614,515
0.038288,516
0.072954,517
0.004141,518
0.007890,519
0.031447,520
0.079108,521
0.098672,522
0.067729,523
0.056842,524
0.102725,525
0.032668,526
0.004301,527
0.039474,528
0.060417,529
0.049057,530
0.035088,531
0.028409,532
0.071882,533
0.056311,534
0.083491,535
0.041237,536
0.018672,537
0.038462,538
0.026694,539
0.041494,540
0.056497,541
0.078313,542
0.028689,543
0.049900,544
0.029598,545
0.069288,546
0.044211,547
0.061657,548
0.031873,549
0.034000,550
0.061224,551
0.099206,552
0.044487,553
0.003976,554
0.025794,555
0.036247,556
0.097561,557
0.020121,558
0.042065,559
0.064000,560
0.035644,561
0.058000,562
0.002053,563
0.050682,564
0.053360,565
0.031315,566
0.080460,567
0.014553,568
0.043912,569
0.046316,570
0.108779,571
0.031008,572
0.004008,573
0.031809,574
0.034409,575
0.068441,576
0.046185,577
0.034553,578
0.055769,579
0.064103,580
0.042471,581
0.068465,582
0.063462,583
0.005988,584
0.057613,585
0.055985,586
0.018036,587
0.064327,588
0.035789,589
0.028791,590
0.008421,591
0.020952,592
0.109705,593
0.066667,594
0.033333,595
0.002114,596
0.074427,597
0.025586,598
0.051896,599
0.022684,600
0.043478,601
0.055670,602
0.058594,603
0.105368,604
0.029474,605
0.052326,606
0.108055,607
0.020704,608
0.039623,609
0.064327,610
0.020325,611
0.038217,612
0.018293,613
0.045977,614
0.012397,615
0.073559,616
0.059730,617
0.000000,618
0.030550,619
0.010142,620
0.019763,621
0.016327,622
0.021236,623
0.012500,624
0.039370,625
0.002000,626
0.039604,627
0.055777,628
0.008147,629
0.084980,630
0.049793,631
0.011673,632
0.040650,633
0.023904,634
0.058091,635
0.013158,636
0.045361,637
0.050710,638
0.025341,639
0.022000,640
0.003899,641
0.032787,642
0.046748,643
0.051793,644
0.033865,645
0.033663,646
0.053942,647
0.069721,648
0.036072,649
0.031128,650
0.021053,651
0.039474,652
0.052314,653
0.061002,654
0.018622,655
0.055777,656
0.009728,657
0.007859,658
0.045361,659
0.048017,660
0.041502,661
0.007648,662
0.002179,663
0.048387,664
0.145038,665
0.022403,666
0.060120,667
0.065574,668
0.044362,669
0.026639,670
0.051690,671
0.027254,672
0.072978,673
0.068898,674
0.068041,675
0.037736,676
0.024641,677
0.089286,678
0.050633,679
0.066148,680
0.035433,681
0.038306,682
0.030738,683
0.018634,684
0.072658,685
0.032323,686
0.062374,687
0.033395,688
0.030435,689
0.091463,690
0.051625,691
0.034836,692
0.047059,693
0.075758,694
0.004124,695
0.010288,696
0.059305,697
0.026316,698
0.078431,699
0.035573,700
0.038618,701
0.079592,702
0.022989,703
0.007968,704
0.064777,705
0.020492,706
0.063080,707
0.055556,708
0.030593,709
0.025210,710
0.031250,711
0.035928,712
0.037549,713
0.024242,714
0.003839,715
0.051392,716
0.120408,717
0.081028,718
0.067327,719
0.069498,720
0.091858,721
0.084314,722
0.015152,723
0.109665,724
0.048733,725
0.050740,726
0.069106,727
0.101533,728
0.084168,729
0.036217,730
0.067864,731
0.057260,732
0.046185,733
0.084615,734
0.118236,735
0.022133,736
0.069583,737
0.009785,738
0.030550,739
0.006198,740
0.076172,741
0.093117,742
0.021782,743
0.077869,744
0.019802,745
0.074803,746
0.006000,747
0.092402,748
0.072797,749
0.054326,750
0.010309,751
0.021611,752
0.077519,753
0.000000,754
0.072144,755
0.052314,756
0.084337,757
0.053678,758
0.057426,759
0.040000,760
0.054990,761
0.054369,762
0.041502,763
0.014286,764
0.039139,765
0.048780,766
0.024857,767
0.010267,768
0.016293,769
0.030246,770
0.031963,771
0.011321,772
0.068041,773
0.041502,774
0.052427,775
0.040568,776
0.023857,777
0.042683,778
0.033663,779
0.074597,780
0.079681,781
0.009747,782
0.016598,783
0.041833,784
0.062124,785
0.051690,786
0.037113,787
0.077220,788
0.072835,789
0.058350,790
0.059794,791
0.035197,792
0.071845,793
0.053333,794
0.059426,795
0.045908,796
0.037109,797
0.008421,798
0.008081,799
0.118609,800
0.086876,801
0.018443,802
0.042683,803
0.073218,804
0.062893,805
0.017510,806
0.058704,807
0.050607,808
0.096774,809
0.111954,810
0.036585,811
0.008180,812
0.057654,813
0.020243,814
0.072125,815
0.026263,816
0.052314,817
0.013592,818
0.022869,819
0.016293,820
0.073218,821
0.103586,822
0.006098,823
0.088843,824
0.054902,825
0.007797,826
0.046422,827
0.033755,828
0.081301,829
0.107505,830
0.030246,831
0.015686,832
0.020450,833
0.005859,834
0.054852,835
0.050980,836
0.045187,837
0.014799,838
0.056641,839
0.011858,840
0.076459,841
0.015748,842
0.000000,843
0.071138,844
0.082031,845
0.076305,846
0.073171,847
0.047170,848
0.058065,849
0.024482,850
0.050314,851
0.049242,852
0.092077,853
0.027397,854
0.031746,855
0.026531,856
0.075547,857
0.096509,858
0.037807,859
0.030435,860
0.121495,861
0.025000,862
0.066790,863
0.012552,864
0.040000,865
0.043393,866
0.035225,867
0.018868,868
0.015296,869
0.033333,870
0.015810,871
0.057026,872
0.074297,873
0.044146,874
0.023256,875
0.026616,876
0.060729,877
0.026639,878
0.052224,879
0.032895,880
0.057196,881
0.015905,882
0.012658,883
0.026104,884
0.009709,885
0.048485,886
0.047325,887
0.058708,888
0.061753,889
0.028226,890
0.075397,891
0.033684,892
0.101887,893
0.079681,894
0.021231,895
0.054000,896
0.035120,897
0.046092,898
0.012170,899
0.086242,900
0.056751,901
0.089613,902
0.038817,903
0.034557,904
0.028630,905
0.029644,906
0.050000,907
0.007874,908
0.027660,909
0.132265,910
0.043222,911
0.045635,912
0.088608,913
0.054717,914
0.030992,915
0.045175,916
0.041746,917
0.004115,918
0.044355,919
0.051440,920
0.051690,921
0.075614,922
0.036000,923
0.039095,924
0.114754,925
0.055238,926
0.101871,927
0.160396,928
0.017857,929
0.067437,930
0.019608,931
0.075435,932
0.029126,933
0.058190,934
0.109615,935
0.056202,936
0.032064,937
0.014056,938
0.026971,939
0.078431,940
0.103030,941
0.017013,942
0.031381,943
0.019011,944
0.030303,945
0.032854,946
0.070000,947
0.038153,948
0.045455,949
0.071856,950
0.055785,951
0.056566,952
0.009524,953
0.022449,954
0.036217,955
0.023438,956
0.026860,957
0.062622,958
0.054737,959
0.081511,960
0.100193,961
0.029586,962
0.007937,963
0.000000,964
0.022267,965
0.007797,966
0.068687,967
0.040598,968
0.072266,969
0.034221,970
0.036660,971
0.045455,972
0.076305,973
0.090385,974
0.000000,975
0.031746,976
0.040698,977
0.042194,978
0.088176,979
0.058824,980
0.083832,981
0.079767,982
0.053830,983
0.050752,984
0.039749,985
0.057312,986
0.047619,987
0.030675,988
0.040241,989
0.061876,990
0.078000,991
0.086345,992
0.098563,993
0.069444,994
0.039106,995
0.067086,996
0.044397,997
0.156489,998
0.073620,999
0.072289,1000
0.078695,1001
0.082645,1002
0.115010,1003
0.006000,1004
0.055010,1005
0.053254,1006
0.065306,1007
0.073922,1008
0.047059,1009
0.032882,1010
0.000000,1011
0.016913,1012
0.024490,1013
0.022472,1014
0.027083,1015
0.038697,1016
0.010373,1017
0.068966,1018
0.054108,1019
0.032129,1020
0.051440,1021
0.005848,1022
0.044355,1023
0.105578,1024
0.048458,1025
0.083779,1026
0.044534,1027
0.020747,1028
0.034068,1029
0.021236,1030
0.056112,1031
0.057260,1032
0.051923,1033
0.000000,1034
0.011881,1035
0.078351,1036
0.075397,1037
0.027505,1038
0.026374,1039
0.042672,1040
0.006787,1041
0.091727,1042
0.034694,1043
0.042065,1044
0.102296,1045
0.047521,1046
0.041257,1047
0.072407,1048
0.015534,1049
0.024490,1050
0.033531,1051
0.035124,1052
0.053150,1053
0.056225,1054
0.040161,1055
0.044834,1056
0.012146,1057
0.039448,1058
0.008147,1059
0.012195,1060
0.053892,1061
0.019685,1062
0.023483,1063
0.103520,1064
0.047228,1065
0.065263,1066
0.101313,1067
0.053950,1068
0.006186,1069
0.043307,1070
0.055785,1071
0.016917,1072
0.047228,1073
0.028571,1074
0.034951,1075
0.036437,1076
0.030120,1077
0.040323,1078
0.033531,1079
0.020492,1080
0.042424,1081
0.052632,1082
0.021786,1083
0.066543,1084
0.038911,1085
0.021073,1086
0.070248,1087
0.039337,1088
0.080078,1089
0.026477,1090
0.042169,1091
0.013619,1092
0.040323,1093
0.030418,1094
0.038618,1095
0.014583,1096
0.092338,1097
0.037549,1098
0.029412,1099
0.056452,1100
0.051125,1101
0.018405,1102
0.026104,1103
0.018256,1104
0.065347,1105
0.111538,1106
0.048485,1107
0.072289,1108
0.022449,1109
0.084677,1110
0.036893,1111
0.035857,1112
0.106695,1113
0.054820,1114
0.067623,1115
0.057026,1116
0.059846,1117
0.059197,1118
0.067669,1119
0.062500,1120
0.097466,1121
0.047619,1122
0.060362,1123
0.037879,1124
0.100858,1125
0.064151,1126
0.076233,1127
0.046555,1128
0.014523,1129
0.126923,1130
0.033333,1131
0.037665,1132
0.048387,1133
0.034694,1134
0.034274,1135
0.013807,1136
0.042424,1137
0.065737,1138
0.023715,1139
0.133201,1140
0.029470,1141
0.039583,1142
0.029586,1143
0.038000,1144
0.051690,1145
0.018072,1146
0.041096,1147
0.006250,1148
0.052734,1149
0.050607,1150
0.073559,1151
0.041580,1152
0.023715,1153
0.040568,1154
0.032630,1155
0.042169,1156
0.018145,1157
0.039419,1158
0.021869,1159
0.039139,1160
0.030488,1161
0.058350,1162
0.062880,1163
0.078278,1164
0.073852,1165
0.053360,1166
0.009615,1167
0.023158,1168
0.017717,1169
0.065041,1170
0.020284,1171
0.032258,1172
0.064182,1173
0.052838,1174
0.050000,1175
0.002062,1176
0.031008,1177
0.028283,1178
0.011811,1179
0.060852,1180
0.065979,1181
0.067829,1182
0.030501,1183
0.088180,1184
0.069106,1185
0.066914,1186
0.000000,1187
0.062762,1188
0.093686,1189
0.026515,1190
0.016360,1191
0.025845,1192
0.007921,1193
0.029586,1194
0.034694,1195
0.072289,1196
0.061441,1197
0.046296,1198
0.058943,1199
0.016360,1200
0.055888,1201
0.101533,1202
0.057940,1203
0.089463,1204
0.036398,1205
0.006000,1206
0.045267,1207
0.034351,1208
0.088745,1209
0.050186,1210
0.005859,1211
0.008247,1212
0.020747,1213
0.034091,1214
0.000000,1215
0.026769,1216
0.012422,1217
0.040323,1218
0.058708,1219
0.021869,1220
0.023166,1221
0.014831,1222
0.020367,1223
0.068465,1224
0.030710,1225
0.027184,1226
0.011928,1227
0.050104,1228
0.063340,1229
0.015021,1230
0.049808,1231
0.097416,1232
0.035052,1233
0.028056,1234
0.040968,1235
0.034707,1236
0.078629,1237
0.106667,1238
0.024896,1239
0.005629,1240
0.014056,1241
0.031513,1242
0.045627,1243
0.101871,1244
0.016000,1245
0.045098,1246
0.025370,1247
0.056641,1248
0.070565,1249
0.069034,1250
0.069106,1251
0.014787,1252
0.021413,1253
0.055666,1254
0.041016,1255
0.030801,1256
0.014170,1257
0.022044,1258
0.048544,1259
0.032064,1260
0.016327,1261
0.024691,1262
0.141748,1263
0.043912,1264
0.019569,1265
0.045455,1266
0.047521,1267
0.026000,1268
0.002004,1269
0.024096,1270
0.088889,1271
0.035928,1272
0.028630,1273
0.056863,1274
0.027559,1275
0.044807,1276
0.071429,1277
0.021008,1278
0.139098,1279
0.033531,1280
0.037328,1281
0.091703,1282
0.069811,1283
0.056842,1284
0.102857,1285
0.086242,1286
0.024145,1287
0.059406,1288
0.073022,1289
0.065637,1290
0.018036,1291
0.054545,1292
0.091451,1293
0.022312,1294
0.044625,1295
0.033138,1296
0.042510,1297
0.045817,1298
0.026000,1299
0.094456,1300
0.066132,1301
0.071970,1302
0.036893,1303
0.090526,1304
0.033730,1305
0.046092,1306
0.045082,1307
0.045714,1308
0.010799,1309
0.032258,1310
0.000000,1311
0.031558,1312
0.006637,1313
0.036765,1314
0.076305,1315
0.035363,1316
0.023810,1317
0.028571,1318
0.000000,1319
0.006135,1320
0.085106,1321
0.101664,1322
0.042802,1323
0.012170,1324
0.054167,1325
0.021484,1326
0.055010,1327
0.029586,1328
0.068607,1329
0.073643,1330
0.029350,1331
0.060440,1332
0.012245,1333
0.017167,1334
0.095723,1335
0.026820,1336
0.042683,1337
0.000000,1338
0.068894,1339
0.026565,1340
0.058947,1341
0.066019,1342
0.071721,1343
0.092742,1344
0.054409,1345
0.000000,1346
0.012397,1347
0.106719,1348
0.035088,1349
0.022312,1350
0.044715,1351
0.057312,1352
0.070000,1353
0.027505,1354
0.096386,1355
0.018519,1356
0.036680,1357
0.073171,1358
0.021739,1359
0.008130,1360
0.072614,1361
0.074427,1362
0.085938,1363
0.018711,1364
0.033613,1365
0.082397,1366
0.014085,1367
0.048096,1368
0.085366,1369
0.036364,1370
0.035019,1371
0.014056,1372
0.010101,1373
0.061386,1374
0.022044,1375
0.112224,1376
0.065979,1377
0.051081,1378
0.041750,1379
0.071571,1380
0.024242,1381
0.104126,1382
0.036885,1383
0.003937,1384
0.038384,1385
0.056911,1386
0.115304,1387
0.083810,1388
0.043912,1389
0.022901,1390
0.021097,1391
0.027344,1392
0.116466,1393
0.000000,1394
0.043738,1395
0.054656,1396
0.021782,1397
0.008048,1398
0.017964,1399
0.050000,1400
0.042463,1401
0.096226,1402
0.050710,1403
0.071006,1404
0.049505,1405
0.074447,1406
0.175214,1407
0.027079,1408
0.030612,1409
0.034816,1410
0.078846,1411
0.025316,1412
0.016667,1413
0.023941,1414
0.042084,1415
0.012526,1416
0.132150,1417
0.023438,1418
0.028571,1419
0.033058,1420
0.024904,1421
0.000000,1422
0.009804,1423
0.049080,1424
0.024621,1425
0.019190,1426
0.075099,1427
0.029412,1428
0.008584,1429
0.077799,1430
0.037924,1431
0.087935,1432
0.026423,1433
0.055446,1434
0.033126,1435
0.047348,1436
0.037624,1437
0.063918,1438
0.068966,1439
0.115308,1440
0.042991,1441
0.018182,1442
0.033970,1443
0.077844,1444
0.056338,1445
0.116054,1446
0.067460,1447
0.089796,1448
0.045187,1449
0.055215,1450
0.076172,1451
0.040984,1452
0.037624,1453
0.041916,1454
0.033613,1455
0.150838,1456
0.000000,1457
0.008333,1458
0.018109,1459
0.018036,1460
0.038835,1461
0.057613,1462
0.023483,1463
0.035197,1464
0.038462,1465
0.037778,1466
0.059961,1467
0.023207,1468
0.096339,1469
0.012097,1470
0.062500,1471
0.031373,1472
0.038540,1473
0.046000,1474
0.077228,1475
0.056530,1476
0.067100,1477
0.064762,1478
0.019685,1479
0.046709,1480
0.074227,1481
0.052326,1482
0.027079,1483
0.050916,1484
0.075848,1485
0.105042,1486
0.075397,1487
0.085714,1488
0.033730,1489
0.002004,1490
0.024242,1491
0.008065,1492
0.049801,1493
0.012220,1494
0.040619,1495
0.034765,1496
0.035294,1497
0.060852,1498
0.053830,1499
0.137405,1500
0.034205,1501
0.021825,1502
0.031120,1503
0.043738,1504
0.050607,1505
0.125000,1506
0.042593,1507
0.054990,1508
0.013780,1509
0.034343,1510
0.043659,1511
0.088235,1512
0.032258,1513
0.039370,1514
0.052953,1515
0.066000,1516
0.001992,1517
0.021484,1518
0.067347,1519
0.017893,1520
0.082164,1521
0.043307,1522
0.014113,1523
0.056604,1524
0.091429,1525
0.035197,1526
0.051690,1527
0.001931,1528
0.051020,1529
0.082164,1530
0.065979,1531
0.026585,1532
0.045198,1533
0.018256,1534
0.043210,1535
0.062016,1536
0.042770,1537
0.021696,1538
0.069098,1539
0.043384,1540
0.033962,1541
0.074380,1542
0.062241,1543
0.065385,1544
0.039062,1545
0.012526,1546
0.052838,1547
0.042636,1548
0.008163,1549
0.011858,1550
0.038618,1551
0.032258,1552
0.038618,1553
0.047525,1554
0.060491,1555
0.033473,1556
0.021912,1557
0.029126,1558
0.018367,1559
0.075848,1560
0.023404,1561
0.021401,1562
0.023438,1563
0.038610,1564
0.016701,1565
0.057377,1566
0.044118,1567
0.059387,1568
0.087954,1569
0.018519,1570
0.025540,1571
0.034274,1572
0.006085,1573
0.051867,1574
0.036609,1575
0.046939,1576
0.060547,1577
0.149590,1578
0.042424,1579
0.098790,1580
0.095890,1581
0.052336,1582
0.036511,1583
0.030612,1584
0.068627,1585
0.036481,1586
0.087041,1587
0.039920,1588
0.067073,1589
0.063745,1590
0.017822,1591
0.049020,1592
0.028112,1593
0.038153,1594
0.092555,1595
0.005952,1596
0.057203,1597
0.046784,1598
0.115854,1599
0.058252,1600
0.031746,1601
0.015968,1602
0.028986,1603
0.053360,1604
0.041176,1605
0.093496,1606
0.041833,1607
0.049407,1608
0.030992,1609
0.072797,1610
0.022222,1611
0.056133,1612
0.063008,1613
0.053333,1614
0.035573,1615
0.020534,1616
0.049713,1617
0.020877,1618
0.054968,1619
0.078212,1620
0.012270,1621
0.085366,1622
0.068966,1623
0.076046,1624
0.012072,1625
0.038855,1626
0.015686,1627
0.009960,1628
0.015842,1629
0.009862,1630
0.014141,1631
0.040816,1632
0.068762,1633
0.035491,1634
0.011696,1635
0.022044,1636
0.015968,1637
0.062745,1638
0.051653,1639
0.041339,1640
0.049485,1641
0.086869,1642
0.029183,1643
0.063655,1644
0.039216,1645
0.044660,1646
0.020492,1647
0.075356,1648
0.020121,1649
0.075614,1650
0.053191,1651
0.102317,1652
0.058824,1653
0.070611,1654
0.034000,1655
0.069106,1656
0.043478,1657
0.049213,1658
0.022312,1659
0.025263,1660
0.097087,1661
0.076775,1662
0.021113,1663
0.000000,1664
0.065217,1665
0.035491,1666
0.084615,1667
0.043121,1668
0.046243,1669
0.034335,1670
0.068966,1671
0.009823,1672
0.010460,1673
0.031128,1674
0.063008,1675
0.061144,1676
0.038685,1677
0.012320,1678
0.016427,1679
0.009615,1680
0.042945,1681
0.068627,1682
0.108225,1683
0.015238,1684
0.009506,1685
0.008197,1686
0.027505,1687
0.036437,1688
0.006085,1689
0.058350,1690
0.003953,1691
0.065440,1692
0.041825,1693
0.014862,1694
0.028626,1695
0.008282,1696
0.019724,1697
0.031621,1698
0.018908,1699
0.069767,1700
0.012295,1701
0.041408,1702
0.090211,1703
0.016917,1704
0.023013,1705
0.035639,1706
0.032064,1707
0.061896,1708
0.044534,1709
0.011407,1710
0.018293,1711
0.046465,1712
0.007737,1713
0.000000,1714
0.051587,1715
0.021978,1716
0.055866,1717
0.056641,1718
0.053498,1719
0.076305,1720
0.027888,1721
0.066667,1722
0.030675,1723
0.016097,1724
0.081028,1725
0.090909,1726
0.081905,1727
0.115304,1728
0.040169,1729
0.097466,1730
0.057471,1731
0.014675,1732
0.058939,1733
0.052632,1734
0.087129,1735
0.104536,1736
0.104208,1737
0.057851,1738
0.026217,1739
0.022634,1740
0.048828,1741
0.030303,1742
0.011976,1743
0.038618,1744
0.042918,1745
0.089416,1746
0.076923,1747
0.021033,1748
0.038855,1749
0.049587,1750
0.108652,1751
0.042226,1752
0.041494,1753
0.078740,1754
0.044088,1755
0.106776,1756
0.007782,1757
0.029940,1758
0.038306,1759
0.042636,1760
0.098394,1761
0.006276,1762
0.148676,1763
0.048924,1764
0.061265,1765
0.041584,1766
0.000000,1767
0.075435,1768
0.024490,1769
0.057851,1770
0.068392,1771
0.050575,1772
0.069418,1773
0.068762,1774
0.010183,1775
0.066000,1776
0.025806,1777
0.078358,1778
0.025794,1779
0.031250,1780
0.081553,1781
0.053279,1782
0.022945,1783
0.035433,1784
0.014056,1785
0.030928,1786
0.062880,1787
0.006085,1788
0.045455,1789
0.055102,1790
0.069583,1791
0.072289,1792
0.020000,1793
0.020576,1794
0.036822,1795
0.053170,1796
0.037113,1797
0.015180,1798
0.024291,1799
0.030710,1800
0.030635,1801
0.091797,1802
0.055777,1803
0.052846,1804
0.019455,1805
0.035785,1806
0.022088,1807
0.027079,1808
0.000000,1809
0.048096,1810
0.056093,1811
0.072187,1812
0.041584,1813
0.000000,1814
0.024845,1815
0.023211,1816
0.002079,1817
0.055085,1818
0.074627,1819
0.019802,1820
0.149194,1821
0.004032,1822
0.106557,1823
0.020161,1824
0.060784,1825
0.041494,1826
0.031716,1827
0.000000,1828
0.060078,1829
0.024845,1830
0.043222,1831
0.045817,1832
0.016360,1833
0.070423,1834
0.068359,1835
0.018219,1836
0.044990,1837
0.019920,1838
0.062500,1839
0.053360,1840
0.065476,1841
0.027668,1842
0.026639,1843
0.016129,1844
0.096457,1845
0.038000,1846
0.075665,1847
0.094303,1848
0.039216,1849
0.059172,1850
0.065574,1851
0.070994,1852
0.046559,1853
0.091816,1854
0.102410,1855
0.078431,1856
0.059305,1857
0.015385,1858
0.025948,1859
0.047904,1860
0.028340,1861
0.029183,1862
0.038855,1863
0.039841,1864
0.064257,1865
0.056680,1866
0.106090,1867
0.047525,1868
0.034137,1869
0.063366,1870
0.030864,1871
0.000000,1872
0.040733,1873
0.001957,1874
0.017717,1875
0.082627,1876
0.076621,1877
0.021782,1878
0.029762,1879
0.043933,1880
0.118547,1881
0.048626,1882
0.028355,1883
0.032193,1884
0.002024,1885
0.032587,1886
0.080483,1887
0.011494,1888
0.000000,1889
0.059642,1890
0.034483,1891
0.004008,1892
0.018219,1893
0.024948,1894
0.061896,1895
0.058233,1896
0.031746,1897
0.021739,1898
0.010020,1899
0.014141,1900
0.045929,1901
0.031683,1902
0.074747,1903
0.085271,1904
0.092742,1905
0.007984,1906
0.054054,1907
0.042553,1908
0.076621,1909
0.044088,1910
0.056530,1911
0.045738,1912
0.011628,1913
0.014463,1914
0.019011,1915
0.050633,1916
0.056863,1917
0.083682,1918
0.101562,1919
0.042105,1920
0.092338,1921
0.057471,1922
0.090543,1923
0.032000,1924
0.086538,1925
0.057569,1926
0.061100,1927
0.027027,1928
0.020121,1929
0.011811,1930
0.048096,1931
0.082164,1932
0.047228,1933
0.046904,1934
0.040340,1935
0.025896,1936
0.002000,1937
0.054902,1938
0.024000,1939
0.059426,1940
0.072581,1941
0.015094,1942
0.051760,1943
0.048485,1944
0.021359,1945
0.095041,1946
0.134653,1947
0.027833,1948
0.022000,1949
0.062000,1950
0.050403,1951
0.038610,1952
0.073559,1953
0.028571,1954
0.063918,1955
0.007782,1956
0.072016,1957
0.041016,1958
0.054545,1959
0.034682,1960
0.000000,1961
0.001988,1962
0.049896,1963
0.045365,1964
0.011719,1965
0.064315,1966
0.036609,1967
0.041322,1968
0.043315,1969
0.022727,1970
0.040404,1971
0.060291,1972
0.062745,1973
0.048980,1974
0.039062,1975
0.018975,1976
0.012632,1977
0.099585,1978
0.013359,1979
0.016427,1980
0.106464,1981
0.000000,1982
0.027344,1983
0.055556,1984
0.034908,1985
0.058252,1986
0.040900,1987
0.035503,1988
0.084016,1989
0.036511,1990
0.050682,1991
0.049242,1992
0.078059,1993
0.093625,1994
0.030675,1995
0.030364,1996
0.125498,1997
0.114943,1998
0.104384,1999
0.073123,2000
0.035019,2001
0.021912,2002
0.030675,2003
0.020325,2004
0.022044,2005
0.050000,2006
0.073930,2007
0.073770,2008
0.059642,2009
0.019685,2010
0.060729,2011
0.045365,2012
0.042644,2013
0.051565,2014
0.029046,2015
0.057199,2016
0.010482,2017
0.033268,2018
0.003992,2019
0.057769,2020
0.098000,2021
0.057087,2022
0.046000,2023
0.017751,2024
0.054767,2025
0.007984,2026
0.021569,2027
0.025591,2028
0.012766,2029
0.044534,2030
0.068465,2031
0.036750,2032
0.057540,2033
0.021154,2034
0.010593,2035
0.048733,2036
0.079665,2037
0.015009,2038
0.058091,2039
0.056795,2040
0.024482,2041
0.056680,2042
0.044177,2043
0.035156,2044
0.033708,2045
0.106061,2046
0.093069,2047
0.013462,2048
0.042596,2049
0.054217,2050
0.062249,2051
0.042424,2052
0.019531,2053
0.038911,2054
0.016529,2055
0.039501,2056
0.045175,2057
0.052838,2058
0.073413,2059
0.090551,2060
0.107724,2061
0.061753,2062
0.105578,2063
0.083658,2064
0.041754,2065
0.127273,2066
0.081712,2067
0.056093,2068
0.053191,2069
0.057312,2070
0.044834,2071
0.066390,2072
0.045977,2073
0.012526,2074
0.042553,2075
0.048387,2076
0.019841,2077
0.040323,2078
0.103306,2079
0.139806,2080
0.045908,2081
0.028455,2082
0.119342,2083
0.075581,2084
0.058000,2085
0.086873,2086
0.012170,2087
0.015936,2088
0.044266,2089
0.024490,2090
0.039920,2091
0.055227,2092
0.011905,2093
0.012397,2094
0.021484,2095
0.057026,2096
0.038314,2097
0.073770,2098
0.051485,2099
0.044266,2100
0.067729,2101
0.020202,2102
0.020964,2103
0.072407,2104
0.044088,2105
0.055556,2106
0.127237,2107
0.082996,2108
0.034816,2109
0.022403,2110
0.032854,2111
0.051429,2112
0.068136,2113
0.010183,2114
0.103718,2115
0.005703,2116
0.020408,2117
0.061657,2118
0.028807,2119
0.064394,2120
0.034951,2121
0.037528,2122
0.127451,2123
0.094862,2124
0.043478,2125
0.040426,2126
0.072937,2127
0.058704,2128
0.048000,2129
0.056367,2130
0.026923,2131
0.037815,2132
0.081349,2133
0.068441,2134
0.047325,2135
0.057915,2136
0.040254,2137
0.037109,2138
0.017822,2139
0.010183,2140
0.098592,2141
0.100604,2142
0.072289,2143
0.070281,2144
0.086275,2145
0.048193,2146
0.070513,2147
0.077947,2148
0.021782,2149
0.035052,2150
0.059880,2151
0.071567,2152
0.036364,2153
0.006098,2154
0.117871,2155
0.044715,2156
0.092213,2157
0.040541,2158
0.086000,2159
0.046559,2160
0.019305,2161
0.002079,2162
0.028866,2163
0.085389,2164
0.024896,2165
0.102410,2166
0.052941,2167
0.019646,2168
0.095436,2169
0.107843,2170
0.001976,2171
0.073684,2172
0.041420,2173
0.053045,2174
0.014286,2175
0.082495,2176
0.050752,2177
0.098592,2178
0.021834,2179
0.044316,2180
0.035294,2181
0.064646,2182
0.032000,2183
0.020367,2184
0.072549,2185
0.006122,2186
0.029183,2187
0.086519,2188
0.028000,2189
0.014862,2190
0.014519,2191
0.079332,2192
0.028398,2193
0.031873,2194
0.011719,2195
0.008282,2196
0.044316,2197
0.034205,2198
0.022267,2199
0.032258,2200
0.007547,2201
0.014553,2202
0.090526,2203
0.096647,2204
0.062753,2205
0.033457,2206
0.031983,2207
0.012397,2208
0.066922,2209
0.065041,2210
0.031599,2211
0.049784,2212
0.046092,2213
0.032567,2214
0.018145,2215
0.000000,2216
0.016260,2217
0.055985,2218
0.036217,2219
0.088115,2220
0.065401,2221
0.104628,2222
0.055147,2223
0.019068,2224
0.044574,2225
0.055901,2226
0.142285,2227
0.066398,2228
0.075697,2229
0.057301,2230
0.058455,2231
0.000000,2232
0.040080,2233
0.102204,2234
0.088803,2235
0.066946,2236
0.046243,2237
0.035156,2238
0.032323,2239
0.014000,2240
0.065678,2241
0.071834,2242
0.025157,2243
0.107280,2244
0.040169,2245
0.136538,2246
0.026749,2247
0.096078,2248
0.001980,2249
0.097222,2250
0.066667,2251
0.058350,2252
0.054326,2253
0.022267,2254
0.016461,2255
0.046422,2256
0.031936,2257
0.098532,2258
0.087619,2259
0.029586,2260
0.000000,2261
0.065844,2262
0.017787,2263
0.032520,2264
0.064777,2265
0.043478,2266
0.000000,2267
0.025896,2268
0.000000,2269
0.022917,2270
0.075330,2271
0.032051,2272
0.038835,2273
0.018145,2274
0.056338,2275
0.063457,2276
0.094444,2277
0.075697,2278
0.044355,2279
0.053678,2280
0.061508,2281
0.100209,2282
0.036585,2283
0.121673,2284
0.035857,2285
0.070140,2286
0.086275,2287
0.049793,2288
0.083004,2289
0.047904,2290
0.021912,2291
0.049310,2292
0.071279,2293
0.053942,2294
0.132114,2295
0.103718,2296
0.065891,2297
0.081937,2298
0.032609,2299
0.077947,2300
0.013834,2301
0.029289,2302
0.005703,2303
0.027311,2304
0.120000,2305
0.060952,2306
0.024341,2307
0.052731,2308
0.004219,2309
0.030060,2310
0.036822,2311
0.023211,2312
0.081897,2313
0.089524,2314
0.006148,2315
0.033473,2316
0.028736,2317
0.042000,2318
0.013566,2319
0.006000,2320
0.050955,2321
0.048485,2322
0.041045,2323
0.035565,2324
0.089147,2325
0.091476,2326
0.041502,2327
0.055449,2328
0.000000,2329
0.038168,2330
0.075203,2331
0.012024,2332
0.000000,2333
0.066937,2334
0.110187,2335
0.034091,2336
0.055888,2337
0.057540,2338
0.054280,2339
0.040698,2340
0.048682,2341
0.043738,2342
0.065737,2343
0.036893,2344
0.018219,2345
0.008048,2346
0.001996,2347
0.049383,2348
0.026210,2349
0.062500,2350
0.050403,2351
0.025243,2352
0.004073,2353
0.105042,2354
0.013645,2355
0.103659,2356
0.128405,2357
0.035928,2358
0.032505,2359
0.000000,2360
0.006122,2361
0.083499,2362
0.072000,2363
0.088176,2364
0.043210,2365
0.044487,2366
0.068687,2367
0.031809,2368
0.056911,2369
0.040733,2370
0.024762,2371
0.029228,2372
0.037182,2373
0.075875,2374
0.008529,2375
0.062963,2376
0.014925,2377
0.023622,2378
0.030364,2379
0.029070,2380
0.001946,2381
0.032895,2382
0.060491,2383
0.060041,2384
0.071429,2385
0.068273,2386
0.038306,2387
0.020794,2388
0.061475,2389
0.012220,2390
0.064128,2391
0.004040,2392
0.044444,2393
0.068966,2394
0.080321,2395
0.016064,2396
0.000000,2397
0.016293,2398
0.010060,2399
0.030738,2400
0.030651,2401
0.046939,2402
0.040816,2403
0.013487,2404
0.049145,2405
0.057836,2406
0.061475,2407
0.000000,2408
0.065217,2409
0.003891,2410
0.000000,2411
0.054280,2412
0.063462,2413
0.017578,2414
0.058943,2415
0.030364,2416
0.044061,2417
0.008333,2418
0.048319,2419
0.071429,2420
0.107955,2421
0.044543,2422
0.048474,2423
0.087398,2424
0.043912,2425
0.022000,2426
0.081761,2427
0.060311,2428
0.016427,2429
0.129482,2430
0.076046,2431
0.021008,2432
0.055238,2433
0.090726,2434
0.024691,2435
0.034483,2436
0.014463,2437
0.026749,2438
0.056093,2439
0.063008,2440
0.077381,2441
0.042308,2442
0.036247,2443
0.037807,2444
0.020121,2445
0.032653,2446
0.021956,2447
0.055888,2448
0.069038,2449
0.036329,2450
0.075665,2451
0.019531,2452
0.016393,2453
0.022989,2454
0.043210,2455
0.052224,2456
0.048583,2457
0.073375,2458
0.045187,2459
0.062378,2460
0.008565,2461
0.049336,2462
0.014199,2463
0.074000,2464
0.066798,2465
0.042339,2466
0.059880,2467
0.071571,2468
0.014403,2469
0.044660,2470
0.026860,2471
0.104449,2472
0.005941,2473
0.022774,2474
0.102616,2475
0.057361,2476
0.008163,2477
0.005848,2478
0.060345,2479
0.066277,2480
0.050584,2481
0.053678,2482
0.044492,2483
0.040385,2484
0.082828,2485
0.034836,2486
0.044747,2487
0.020877,2488
0.085657,2489
0.100580,2490
0.055085,2491
0.100379,2492
0.021569,2493
0.046218,2494
0.052838,2495
0.072125,2496
0.094567,2497
0.018634,2498
0.078585,2499
0.076763,2500
0.101727,2501
0.008016,2502
0.059642,2503
0.041750,2504
0.067347,2505
0.081028,2506
0.053388,2507
0.094595,2508
0.018219,2509
0.059671,2510
0.104839,2511
0.111984,2512
0.044088,2513
0.018634,2514
0.065385,2515
0.032193,2516
0.064386,2517
0.091429,2518
0.056338,2519
0.062753,2520
0.040816,2521
0.002024,2522
0.097466,2523
0.030000,2524
0.141104,2525
0.046602,2526
0.032000,2527
0.042105,2528
0.029520,2529
0.040598,2530
0.024904,2531
0.046559,2532
0.073123,2533
0.090535,2534
0.049505,2535
0.146186,2536
0.108108,2537
0.029412,2538
0.034623,2539
0.038076,2540
0.054581,2541
0.009862,2542
0.086864,2543
0.104364,2544
0.094845,2545
0.043825,2546
0.042084,2547
0.083499,2548
0.028571,2549
0.070632,2550
0.026316,2551
0.051233,2552
0.066132,2553
0.073684,2554
0.091797,2555
0.026144,2556
0.159475,2557
0.069034,2558
0.035785,2559
0.015385,2560
0.002217,2561
0.019342,2562
0.068441,2563
0.040900,2564
0.025540,2565
0.056017,2566
0.038911,2567
0.021413,2568
0.074219,2569
0.054409,2570
0.022587,2571
0.006250,2572
0.015905,2573
0.048936,2574
0.152855,2575
0.056250,2576
0.037736,2577
0.052525,2578
0.008197,2579
0.018000,2580
0.060241,2581
0.042308,2582
0.002053,2583
0.038384,2584
0.063745,2585
0.009960,2586
0.070981,2587
0.051282,2588
0.103239,2589
0.129817,2590
0.053131,2591
0.042424,2592
0.048387,2593
0.089866,2594
0.016461,2595
0.023810,2596
0.061682,2597
0.050000,2598
0.099426,2599
0.025948,2600
0.000000,2601
0.038934,2602
0.056566,2603
0.076023,2604
0.018405,2605
0.054795,2606
0.011788,2607
0.157787,2608
0.009766,2609
0.069672,2610
0.026263,2611
0.044625,2612
0.030948,2613
0.045726,2614
0.069388,2615
0.070707,2616
0.030189,2617
0.018750,2618
0.064706,2619
0.004124,2620
0.028681,2621
0.030992,2622
0.101215,2623
0.052023,2624
0.008097,2625
0.007921,2626
0.014344,2627
0.021569,2628
0.048980,2629
0.031809,2630
0.058586,2631
0.069583,2632
0.075269,2633
0.124756,2634
0.049020,2635
0.100000,2636
0.010288,2637
0.044834,2638
0.049383,2639
0.059172,2640
0.024096,2641
0.016097,2642
0.065606,2643
0.060484,2644
0.033797,2645
0.064449,2646
0.047529,2647
0.073375,2648
0.067797,2649
0.024845,2650
0.005825,2651
0.080483,2652
0.027397,2653
0.035714,2654
0.084291,2655
0.079767,2656
0.009980,2657
0.057199,2658
0.021142,2659
0.016000,2660
0.057199,2661
0.009785,2662
0.125000,2663
0.076759,2664
0.118547,2665
0.081511,2666
0.026316,2667
0.024668,2668
0.023013,2669
0.058140,2670
0.055328,2671
0.053942,2672
0.032323,2673
0.093625,2674
0.075330,2675
0.047325,2676
0.037182,2677
0.023904,2678
0.001938,2679
0.015152,2680
0.053743,2681
0.040241,2682
0.035503,2683
0.037975,2684
0.031250,2685
0.092279,2686
0.089463,2687
0.081028,2688
0.031056,2689
0.025490,2690
0.051690,2691
0.026915,2692
0.039526,2693
0.062868,2694
0.028866,2695
0.103846,2696
0.019231,2697
0.056017,2698
0.030550,2699
0.095335,2700
0.167347,2701
0.046512,2702
0.021611,2703
0.009901,2704
0.054054,2705
0.002141,2706
0.086869,2707
0.043222,2708
0.050000,2709
0.087129,2710
0.054507,2711
0.070000,2712
0.046875,2713
0.082031,2714
0.036093,2715
0.024762,2716
0.066802,2717
0.028340,2718
0.032692,2719
0.074380,2720
0.035714,2721
0.006250,2722
0.007737,2723
0.045161,2724
0.048780,2725
0.051923,2726
0.030801,2727
0.068898,2728
0.069034,2729
0.024845,2730
0.054688,2731
0.074656,2732
0.077419,2733
0.055160,2734
0.019272,2735
0.027184,2736
0.021186,2737
0.019342,2738
0.069959,2739
0.065347,2740
0.043738,2741
0.064315,2742
0.013333,2743
0.025692,2744
0.047619,2745
0.066265,2746
0.025540,2747
0.040307,2748
0.049793,2749
0.023392,2750
0.024540,2751
0.108000,2752
0.024590,2753
0.021869,2754
0.029183,2755
0.063043,2756
0.088975,2757
0.075435,2758
0.054878,2759
0.016529,2760
0.095969,2761
0.054393,2762
0.058824,2763
0.069444,2764
0.040486,2765
0.032922,2766
0.073171,2767
0.029586,2768
0.125714,2769
0.021359,2770
0.030364,2771
0.082816,2772
0.033010,2773
0.022026,2774
0.078040,2775
0.098000,2776
0.032787,2777
0.006122,2778
0.018975,2779
0.006289,2780
0.015873,2781
0.041750,2782
0.091837,2783
0.064078,2784
0.014028,2785
0.060976,2786
0.037624,2787
0.023810,2788
0.071429,2789
0.006237,2790
0.033835,2791
0.018868,2792
0.052632,2793
0.099448,2794
0.040323,2795
0.044266,2796
0.065574,2797
0.085657,2798
0.036660,2799
0.138776,2800
0.054264,2801
0.046065,2802
0.032854,2803
0.076000,2804
0.041068,2805
0.037182,2806
0.013410,2807
0.032720,2808
0.048096,2809
0.056250,2810
0.072549,2811
0.056225,2812
0.099800,2813
0.055662,2814
0.045267,2815
0.018256,2816
0.070423,2817
0.063008,2818
0.064386,2819
0.051724,2820
0.028513,2821
0.039583,2822
0.067210,2823
0.113244,2824
0.031311,2825
0.017751,2826
0.006110,2827
0.031315,2828
0.066914,2829
0.037190,2830
0.038697,2831
0.015534,2832
0.074000,2833
0.001976,2834
0.082474,2835
0.036585,2836
0.056723,2837
0.124535,2838
0.077236,2839
0.071713,2840
0.038388,2841
0.059448,2842
0.052632,2843
0.029014,2844
0.057143,2845
0.040936,2846
0.025490,2847
0.004167,2848
0.010460,2849
0.059961,2850
0.104563,2851
0.002024,2852
0.027311,2853
0.123016,2854
0.126000,2855
0.049900,2856
0.017822,2857
0.050000,2858
0.070833,2859
0.123506,2860
0.049407,2861
0.015296,2862
0.057906,2863
0.034026,2864
0.056250,2865
0.007737,2866
0.067416,2867
0.000000,2868
0.092077,2869
0.095238,2870
0.093023,2871
0.123077,2872
0.008734,2873
0.134615,2874
0.034991,2875
0.045361,2876
0.015748,2877
0.065979,2878
0.052000,2879
0.041176,2880
0.047131,2881
0.056566,2882
0.048170,2883
0.077551,2884
0.044177,2885
0.014433,2886
0.092131,2887
0.052738,2888
0.065347,2889
0.046422,2890
0.004032,2891
0.001980,2892
0.042770,2893
0.079498,2894
0.072549,2895
0.045267,2896
0.044660,2897
0.043210,2898
0.035644,2899
0.033663,2900
0.052427,2901
0.000000,2902
0.043738,2903
0.081761,2904
0.084615,2905
0.039683,2906
0.098619,2907
0.008214,2908
0.059048,2909
0.060041,2910
0.026585,2911
0.103175,2912
0.000000,2913
0.063910,2914
0.037037,2915
0.053388,2916
0.041502,2917
0.052838,2918
0.039841,2919
0.037849,2920
0.022774,2921
0.013861,2922
0.053608,2923
0.108987,2924
0.065041,2925
0.062626,2926
0.001996,2927
0.103922,2928
0.106754,2929
0.062030,2930
0.005929,2931
0.081136,2932
0.036468,2933
0.065173,2934
0.044397,2935
0.002119,2936
0.129390,2937
0.115830,2938
0.042718,2939
0.015054,2940
0.092885,2941
0.068762,2942
0.063618,2943
0.031646,2944
0.119843,2945
0.036585,2946
0.036190,2947
0.057654,2948
0.039583,2949
0.047337,2950
0.047904,2951
0.039139,2952
0.036810,2953
0.007921,2954
0.045455,2955
0.017928,2956
0.022358,2957
0.087049,2958
0.038685,2959
0.053950,2960
0.073996,2961
0.113360,2962
0.180952,2963
0.047904,2964
0.051383,2965
0.013861,2966
0.028017,2967
0.086705,2968
0.029240,2969
0.034694,2970
0.039216,2971
0.029228,2972
0.049801,2973
0.049801,2974
0.074219,2975
0.014085,2976
0.072874,2977
0.086066,2978
0.044061,2979
0.071146,2980
0.006198,2981
0.029762,2982
0.017857,2983
0.056367,2984
0.097143,2985
0.013699,2986
0.024390,2987
0.081761,2988
0.114120,2989
0.003929,2990
0.044715,2991
0.000000,2992
0.048290,2993
0.035639,2994
0.091270,2995
0.105578,2996
0.028169,2997
0.028626,2998
0.100806,2999
0.032946,3000
0.000000,3001
0.004219,3002
0.073022,3003
0.007797,3004
0.093220,3005
0.049451,3006
0.045455,3007
0.009785,3008
0.047718,3009
0.120083,3010
0.079545,3011
0.041408,3012
0.040000,3013
0.047438,3014
0.009862,3015
0.029297,3016
0.062626,3017
0.013944,3018
0.135135,3019
0.064386,3020
0.092131,3021
0.012346,3022
0.059426,3023
0.040230,3024
0.031311,3025
0.012072,3026
0.016129,3027
0.023952,3028
0.065476,3029
0.011928,3030
0.008547,3031
0.080460,3032
0.046465,3033
0.050290,3034
0.041667,3035
0.060120,3036
0.044000,3037
0.087719,3038
0.066277,3039
0.078629,3040
0.063395,3041
0.007859,3042
0.057252,3043
0.017279,3044
0.006000,3045
0.025794,3046
0.054369,3047
0.071279,3048
0.054000,3049
0.032922,3050
0.019881,3051
0.059387,3052
0.095041,3053
0.066536,3054
0.031746,3055
0.075820,3056
0.095618,3057
0.023904,3058
0.036217,3059
0.086000,3060
0.058824,3061
0.063098,3062
0.020790,3063
0.012121,3064
0.070850,3065
0.066265,3066
0.072106,3067
0.022312,3068
0.053571,3069
0.071283,3070
0.031873,3071
0.037698,3072
0.080868,3073
0.054280,3074
0.050881,3075
0.043053,3076
0.020661,3077
0.038776,3078
0.045365,3079
0.049281,3080
0.065543,3081
0.013672,3082
0.037344,3083
0.012048,3084
0.040000,3085
0.028513,3086
0.082353,3087
0.006000,3088
0.054545,3089
0.045635,3090
0.071287,3091
0.019841,3092
0.070686,3093
0.023529,3094
0.070393,3095
0.040733,3096
0.074733,3097
0.043764,3098
0.025490,3099
0.133745,3100
0.039448,3101
0.029880,3102
0.020284,3103
0.076190,3104
0.041068,3105
0.087649,3106
0.024948,3107
0.085938,3108
0.082305,3109
0.074364,3110
0.029644,3111
0.049485,3112
0.075290,3113
0.026694,3114
0.046512,3115
0.056133,3116
0.091633,3117
0.024793,3118
0.064457,3119
0.035491,3120
0.038153,3121
0.027184,3122
0.056795,3123
0.019380,3124
0.030992,3125
0.016227,3126
0.056680,3127
0.003839,3128
0.100204,3129
0.000000,3130
0.067864,3131
0.038229,3132
0.067729,3133
0.042169,3134
0.025097,3135
0.022587,3136
0.157895,3137
0.082692,3138
0.021277,3139
0.063694,3140
0.080769,3141
0.039526,3142
0.095723,3143
0.076923,3144
0.019194,3145
0.034623,3146
0.017544,3147
0.011928,3148
0.059211,3149
0.062030,3150
0.038697,3151
0.060000,3152
0.038462,3153
0.075789,3154
0.059829,3155
0.077689,3156
0.097426,3157
0.049808,3158
0.000000,3159
0.132265,3160
0.064579,3161
0.043299,3162
0.020913,3163
0.066806,3164
0.029520,3165
0.002347,3166
0.163148,3167
0.057915,3168
0.077381,3169
0.029228,3170
0.034749,3171
0.035156,3172
0.095541,3173
0.041176,3174
0.003774,3175
0.027888,3176
0.022917,3177
0.032990,3178
0.085193,3179
0.076172,3180
0.036053,3181
0.008316,3182
0.036000,3183
0.061269,3184
0.078947,3185
0.074906,3186
0.016842,3187
0.042226,3188
0.046465,3189
0.083333,3190
0.025490,3191
0.031936,3192
0.059642,3193
0.053785,3194
0.032854,3195
0.040340,3196
0.030769,3197
0.024299,3198
0.076923,3199
0.078000,3200
0.034068,3201
0.089796,3202
0.054108,3203
0.091954,3204
0.030426,3205
0.061983,3206
0.060729,3207
0.062745,3208
0.075472,3209
0.082278,3210
0.004000,3211
0.000000,3212
0.060665,3213
0.005988,3214
0.055446,3215
0.044355,3216
0.040816,3217
0.013514,3218
0.010204,3219
0.038934,3220
0.128846,3221
0.111579,3222
0.054688,3223
0.043393,3224
0.007968,3225
0.021401,3226
0.034335,3227
0.077393,3228
0.074364,3229
0.019231,3230
0.042283,3231
0.124514,3232
0.017341,3233
0.037578,3234
0.036398,3235
0.108225,3236
0.081439,3237
0.048421,3238
0.133466,3239
0.073559,3240
0.025440,3241
0.047521,3242
0.042636,3243
0.050781,3244
0.052632,3245
0.052738,3246
0.033465,3247
0.044715,3248
0.050000,3249
0.050980,3250
0.003984,3251
0.010460,3252
0.069597,3253
0.027140,3254
0.015284,3255
0.075901,3256
0.060166,3257
0.064338,3258
0.006073,3259
0.008368,3260
0.055336,3261
0.020576,3262
0.073413,3263
0.019960,3264
0.022814,3265
0.017021,3266
0.028626,3267
0.004098,3268
0.042553,3269
0.086873,3270
0.063116,3271
0.045833,3272
0.096958,3273
0.032000,3274
0.060000,3275
0.066390,3276
0.077947,3277
0.013514,3278
0.049676,3279
0.071429,3280
0.091977,3281
0.046709,3282
0.065299,3283
0.038544,3284
0.090211,3285
0.106931,3286
0.036810,3287
0.059642,3288
0.036810,3289
0.079523,3290
0.070140,3291
0.082375,3292
0.069959,3293
0.052023,3294
0.004098,3295
0.021611,3296
0.008180,3297
0.023438,3298
0.085106,3299
0.066937,3300
0.082061,3301
0.066937,3302
0.011952,3303
0.066536,3304
0.033473,3305
0.085317,3306
0.097847,3307
0.016736,3308
0.053640,3309
0.065306,3310
0.090535,3311
0.052941,3312
0.009690,3313
0.145194,3314
0.035156,3315
0.034483,3316
0.022727,3317
0.040000,3318
0.031621,3319
0.030303,3320
0.049603,3321
0.052083,3322
0.027290,3323
0.010121,3324
0.009843,3325
0.057654,3326
0.042084,3327
0.054767,3328
0.064386,3329
0.011765,3330
0.012146,3331
0.023715,3332
0.049020,3333
0.008475,3334
0.038760,3335
0.008230,3336
0.065511,3337
0.021008,3338
0.054217,3339
0.057654,3340
0.026718,3341
0.000000,3342
0.071730,3343
0.128731,3344
0.088745,3345
0.040590,3346
0.014113,3347
0.044177,3348
0.023762,3349
0.059671,3350
0.040733,3351
0.035363,3352
0.034908,3353
0.015326,3354
0.026052,3355
0.059184,3356
0.013917,3357
0.020492,3358
0.124211,3359
0.074349,3360
0.042510,3361
0.045545,3362
0.027027,3363
0.044534,3364
0.001919,3365
0.033684,3366
0.064909,3367
0.054581,3368
0.010183,3369
0.096708,3370
0.109562,3371
0.047423,3372
0.051565,3373
0.034115,3374
0.098859,3375
0.002058,3376
0.044872,3377
0.056711,3378
0.093254,3379
0.044000,3380
0.051230,3381
0.014257,3382
0.011111,3383
0.016701,3384
0.117647,3385
0.046784,3386
0.042084,3387
0.085487,3388
0.018987,3389
0.085271,3390
0.060852,3391
0.023392,3392
0.082474,3393
0.030181,3394
0.043659,3395
0.091954,3396
0.056311,3397
0.029703,3398
0.035270,3399
0.062370,3400
0.088889,3401
0.060291,3402
0.076923,3403
0.022133,3404
0.055888,3405
0.045726,3406
0.061311,3407
0.059730,3408
0.027290,3409
0.004107,3410
0.038934,3411
0.077821,3412
0.049485,3413
0.061657,3414
0.043738,3415
0.066667,3416
0.120482,3417
0.032323,3418
0.026477,3419
0.082840,3420
0.023166,3421
0.041237,3422
0.050916,3423
0.072144,3424
0.025743,3425
0.069721,3426
0.056112,3427
0.035088,3428
0.024490,3429
0.037109,3430
0.037422,3431
0.025000,3432
0.119461,3433
0.032946,3434
0.020080,3435
0.041494,3436
0.025845,3437
0.062745,3438
0.030992,3439
0.075581,3440
0.079268,3441
0.023952,3442
0.079151,3443
0.012295,3444
0.032819,3445
0.017391,3446
0.053333,3447
0.043478,3448
0.022989,3449
0.014553,3450
0.086519,3451
0.048980,3452
0.099638,3453
0.000000,3454
0.071429,3455
0.017204,3456
0.073171,3457
0.068646,3458
0.010352,3459
0.035124,3460
0.139313,3461
0.027290,3462
0.036017,3463
0.054000,3464
0.064182,3465
0.080827,3466
0.082816,3467
0.011605,3468
0.077568,3469
0.099415,3470
0.060729,3471
0.035857,3472
0.049689,3473
0.070746,3474
0.012170,3475
0.076321,3476
0.059406,3477
0.041667,3478
0.008368,3479
0.024641,3480
0.089184,3481
0.098501,3482
0.089354,3483
0.030120,3484
0.073077,3485
0.026157,3486
0.062232,3487
0.054000,3488
0.081132,3489
0.012397,3490
0.030801,3491
0.101626,3492
0.082375,3493
0.037328,3494
0.061876,3495
0.001976,3496
0.058586,3497
0.037624,3498
0.044990,3499
0.034274,3500
0.078471,3501
0.113095,3502
0.091093,3503
0.030593,3504
0.043841,3505
0.067568,3506
0.040080,3507
0.039216,3508
0.068000,3509
0.056285,3510
0.048096,3511
0.017208,3512
0.040598,3513
0.045187,3514
0.044715,3515
0.025948,3516
0.049900,3517
0.022822,3518
0.059501,3519
0.052941,3520
0.023857,3521
0.004193,3522
0.023077,3523
0.007828,3524
0.033195,3525
0.046000,3526
0.021484,3527
0.038855,3528
0.069231,3529
0.028446,3530
0.059160,3531
0.014170,3532
0.057143,3533
0.028791,3534
0.017787,3535
0.056723,3536
0.047151,3537
0.002000,3538
0.010571,3539
0.104673,3540
0.063655,3541
0.025391,3542
0.008439,3543
0.054206,3544
0.004057,3545
0.011928,3546
0.061475,3547
0.012474,3548
0.045549,3549
0.071823,3550
0.079002,3551
0.071028,3552
0.006466,3553
0.060311,3554
0.062893,3555
0.060264,3556
0.119342,3557
0.061100,3558
0.039448,3559
0.103380,3560
0.025896,3561
0.013592,3562
0.061100,3563
0.076132,3564
0.021912,3565
0.095703,3566
0.075547,3567
0.050000,3568
0.025783,3569
0.036072,3570
0.040512,3571
0.049603,3572
0.034682,3573
0.031315,3574
0.071698,3575
0.000000,3576
0.032538,3577
0.027829,3578
0.028630,3579
0.099222,3580
0.053419,3581
0.087361,3582
0.038055,3583
0.051383,3584
0.054054,3585
0.002066,3586
0.058943,3587
0.059184,3588
0.087209,3589
0.040777,3590
0.010309,3591
0.023121,3592
0.022177,3593
0.047619,3594
0.050584,3595
0.027140,3596
0.080868,3597
0.097466,3598
0.080913,3599
0.087379,3600
0.029762,3601
0.057260,3602
0.088889,3603
0.000000,3604
0.067669,3605
0.065539,3606
0.013699,3607
0.034137,3608
0.062249,3609
0.052326,3610
0.072289,3611
0.044088,3612
0.055441,3613
0.075665,3614
0.032381,3615
0.001965,3616
0.042339,3617
0.045549,3618
0.024952,3619
0.021186,3620
0.040241,3621
0.030651,3622
0.022133,3623
0.055441,3624
0.040000,3625
0.007984,3626
0.074000,3627
0.048450,3628
0.054622,3629
0.035363,3630
0.059055,3631
0.036961,3632
0.078095,3633
0.006536,3634
0.067961,3635
0.068441,3636
0.100427,3637
0.026923,3638
0.032000,3639
0.004090,3640
0.045802,3641
0.063559,3642
0.056795,3643
0.058480,3644
0.000000,3645
0.034137,3646
0.030928,3647
0.065574,3648
0.076493,3649
0.039014,3650
0.037037,3651
0.021442,3652
0.011742,3653
0.072874,3654
0.083673,3655
0.083172,3656
0.025641,3657
0.033755,3658
0.067460,3659
0.047809,3660
0.013619,3661
0.044990,3662
0.075630,3663
0.033457,3664
0.023904,3665
0.064449,3666
0.028571,3667
0.084291,3668
0.007874,3669
0.041754,3670
0.084980,3671
0.027254,3672
0.058027,3673
0.044574,3674
0.006329,3675
0.034816,3676
0.049801,3677
0.033663,3678
0.066802,3679
0.060904,3680
0.022044,3681
0.022495,3682
0.084507,3683
0.021956,3684
0.014257,3685
0.076305,3686
0.159223,3687
0.034765,3688
0.080483,3689
0.046512,3690
0.096234,3691
0.066540,3692
0.013944,3693
0.018036,3694
0.054767,3695
0.082164,3696
0.031068,3697
0.051230,3698
0.057495,3699
0.069098,3700
0.039761,3701
0.005964,3702
0.044625,3703
0.032922,3704
0.069098,3705
0.021097,3706
0.038000,3707
0.066116,3708
0.035782,3709
0.092975,3710
0.104563,3711
0.027426,3712
0.028409,3713
0.045175,3714
0.049020,3715
0.016194,3716
0.054217,3717
0.096033,3718
0.132554,3719
0.025948,3720
0.027613,3721
0.008000,3722
0.060543,3723
0.052529,3724
0.085657,3725
0.052192,3726
0.020952,3727
0.098532,3728
0.047710,3729
0.089172,3730
0.041045,3731
0.036961,3732
0.111776,3733
0.079523,3734
0.045908,3735
0.072407,3736
0.010020,3737
0.030992,3738
0.054326,3739
0.016194,3740
0.052846,3741
0.052045,3742
0.024440,3743
0.065306,3744
0.052000,3745
0.070565,3746
0.027944,3747
0.081028,3748
0.022727,3749
0.068273,3750
0.028571,3751
0.018000,3752
0.073022,3753
0.010267,3754
0.065891,3755
0.004065,3756
0.059406,3757
0.042827,3758
0.043564,3759
0.093511,3760
0.030426,3761
0.049080,3762
0.139394,3763
0.082863,3764
0.016393,3765
0.019960,3766
0.055670,3767
0.066414,3768
0.027660,3769
0.029575,3770
0.006316,3771
0.033473,3772
0.086466,3773
0.014463,3774
0.114000,3775
0.032819,3776
0.032819,3777
0.052521,3778
0.046843,3779
0.028846,3780
0.016393,3781
0.034205,3782
0.062249,3783
0.107004,3784
0.034553,3785
0.082495,3786
0.057087,3787
0.033195,3788
0.019608,3789
0.074656,3790
0.080972,3791
0.020534,3792
0.067762,3793
0.083650,3794
0.060797,3795
0.066163,3796
0.078471,3797
0.097030,3798
0.141372,3799
0.064583,3800
0.110476,3801
0.039832,3802
0.112782,3803
0.091463,3804
0.046653,3805
0.108652,3806
0.011696,3807
0.091650,3808
0.030769,3809
0.039419,3810
0.093933,3811
0.061475,3812
0.033465,3813
0.030888,3814
0.022869,3815
0.030181,3816
0.015238,3817
0.040000,3818
0.020040,3819
0.025341,3820
0.050710,3821
0.058140,3822
0.012605,3823
0.067437,3824
0.023454,3825
0.078998,3826
0.024194,3827
0.044747,3828
0.030992,3829
0.047151,3830
0.014113,3831
0.034908,3832
0.042857,3833
0.086444,3834
0.065010,3835
0.062753,3836
0.030488,3837
0.021696,3838
0.086957,3839
0.080392,3840
0.061728,3841
0.057143,3842
0.024440,3843
0.017647,3844
0.024440,3845
0.033268,3846
0.017964,3847
0.118750,3848
0.021442,3849
0.035225,3850
0.062893,3851
0.121399,3852
0.054924,3853
0.018557,3854
0.024164,3855
0.017241,3856
0.026975,3857
0.024742,3858
0.040936,3859
0.026531,3860
0.023529,3861
0.010917,3862
0.050657,3863
0.043738,3864
0.014199,3865
0.094862,3866
0.042945,3867
0.034749,3868
0.092402,3869
0.091650,3870
0.122047,3871
0.083164,3872
0.032755,3873
0.004082,3874
0.065891,3875
0.057769,3876
0.046939,3877
0.018908,3878
0.102970,3879
0.088063,3880
0.056795,3881
0.048638,3882
0.009881,3883
0.038000,3884
0.016461,3885
0.052529,3886
0.057447,3887
0.033010,3888
0.028791,3889
0.058700,3890
0.113027,3891
0.077869,3892
0.063655,3893
0.046875,3894
0.020000,3895
0.031621,3896
0.061053,3897
0.084149,3898
0.018519,3899
0.037037,3900
0.100386,3901
0.051793,3902
0.027484,3903
0.130350,3904
0.032567,3905
0.008511,3906
0.025341,3907
0.080392,3908
0.042017,3909
0.021654,3910
0.061602,3911
0.106122,3912
0.033395,3913
0.022312,3914
0.015779,3915
0.006085,3916
0.022133,3917
0.104628,3918
0.038314,3919
0.016736,3920
0.000000,3921
0.031780,3922
0.013699,3923
0.024291,3924
0.063745,3925
0.062753,3926
0.063366,3927
0.036000,3928
0.029167,3929
0.040516,3930
0.034623,3931
0.012821,3932
0.141748,3933
0.069170,3934
0.104126,3935
0.030675,3936
0.108974,3937
0.148855,3938
0.055670,3939
0.096712,3940
0.104743,3941
0.046278,3942
0.039841,3943
0.039526,3944
0.030550,3945
0.048356,3946
0.039501,3947
0.021956,3948
0.018828,3949
0.044834,3950
0.043222,3951
0.048682,3952
0.098485,3953
0.008529,3954
0.015038,3955
0.020492,3956
0.080321,3957
0.068136,3958
0.059501,3959
0.000000,3960
0.019960,3961
0.040084,3962
0.000000,3963
0.037736,3964
0.004184,3965
0.027559,3966
0.064909,3967
0.078788,3968
0.032854,3969
0.076923,3970
0.040936,3971
0.004175,3972
0.034816,3973
0.056974,3974
0.063655,3975
0.035294,3976
0.049310,3977
0.038793,3978
0.095703,3979
0.066000,3980
0.011407,3981
0.025052,3982
0.002037,3983
0.043396,3984
0.000000,3985
0.029228,3986
0.037624,3987
0.018219,3988
0.026316,3989
0.106855,3990
0.075547,3991
0.087129,3992
0.036660,3993
0.028409,3994
0.008214,3995
0.060738,3996
0.067890,3997
0.059829,3998
0.061798,3999
0.065539,4000
0.069943,4001
0.068826,4002
0.041494,4003
0.084189,4004
0.136704,4005
0.051081,4006
0.030675,4007
0.028398,4008
0.047904,4009
0.017476,4010
0.010060,4011
0.051975,4012
0.086106,4013
0.026804,4014
0.044693,4015
0.039832,4016
0.000000,4017
0.028398,4018
0.037895,4019
0.031434,4020
0.048638,4021
0.033010,4022
0.021869,4023
0.014433,4024
0.068826,4025
0.125000,4026
0.042857,4027
0.057471,4028
0.053537,4029
0.051724,4030
0.070611,4031
0.028986,4032
0.110465,4033
0.020325,4034
0.007648,4035
0.031250,4036
0.042718,4037
0.014553,4038
0.039526,4039
0.062374,4040
0.042596,4041
0.066116,4042
0.095057,4043
0.014403,4044
0.084314,4045
0.076768,4046
0.023166,4047
0.049801,4048
0.044898,4049
0.020161,4050
0.097610,4051
0.062249,4052
0.012024,4053
0.017510,4054
0.027197,4055
0.065764,4056
0.020661,4057
0.022541,4058
0.023952,4059
0.050980,4060
0.039448,4061
0.010101,4062
0.052000,4063
0.077821,4064
0.023707,4065
0.047059,4066
0.058027,4067
0.140167,4068
0.076336,4069
0.075547,4070
0.026423,4071
0.010571,4072
0.093511,4073
0.101031,4074
0.062500,4075
0.054990,4076
0.106426,4077
0.041420,4078
0.022495,4079
0.066536,4080
0.022358,4081
0.019120,4082
0.048458,4083
0.067308,4084
0.042226,4085
0.008457,4086
0.054000,4087
0.023256,4088
0.068687,4089
0.000000,4090
0.001980,4091
0.044776,4092
0.016194,4093
0.085595,4094
0.052209,4095
0.039548,4096
0.038911,4097
0.030864,4098
0.129293,4099
0.038760,4100
0.120833,4101
0.137255,4102
0.073930,4103
0.073222,4104
0.038168,4105
0.017893,4106
0.027254,4107
0.090909,4108
0.035857,4109
0.030426,4110
0.040462,4111
0.034836,4112
0.056962,4113
0.048450,4114
0.064078,4115
0.037924,4116
0.030364,4117
0.044660,4118
0.012170,4119
0.018256,4120
0.033058,4121
0.101145,4122
0.024540,4123
0.047423,4124
0.023121,4125
0.049116,4126
0.054767,4127
0.029703,4128
0.040900,4129
0.007843,4130
0.019802,4131
0.094845,4132
0.066532,4133
0.065737,4134
0.023346,4135
0.002016,4136
0.027888,4137
0.055102,4138
0.013208,4139
0.020661,4140
0.038380,4141
0.149057,4142
0.081250,4143
0.098394,4144
0.084615,4145
0.031250,4146
0.028200,4147
0.066132,4148
0.059701,4149
0.027957,4150
0.048544,4151
0.023762,4152
0.044355,4153
0.054688,4154
0.059794,4155
0.068273,4156
0.068762,4157
0.020450,4158
0.097928,4159
0.060041,4160
0.012121,4161
0.036437,4162
0.002045,4163
0.074074,4164
0.043977,4165
0.083503,4166
0.037879,4167
0.016667,4168
0.108871,4169
0.014199,4170
0.053719,4171
0.041096,4172
0.040698,4173
0.037924,4174
0.034623,4175
0.017928,4176
0.057026,4177
0.032505,4178
0.041215,4179
0.047529,4180
0.033797,4181
0.010142,4182
0.047035,4183
0.033932,4184
0.008097,4185
0.048544,4186
0.005682,4187
0.019272,4188
0.096509,4189
0.027451,4190
0.056530,4191
0.018405,4192
0.013462,4193
0.012876,4194
0.129771,4195
0.049689,4196
0.052846,4197
0.059289,4198
0.054902,4199
0.007767,4200
0.023904,4201
0.047423,4202
0.017928,4203
0.024096,4204
0.093567,4205
0.070539,4206
0.080925,4207
0.037975,4208
0.048290,4209
0.030426,4210
0.079096,4211
0.043121,4212
0.086519,4213
0.064202,4214
0.082329,4215
0.004032,4216
0.104000,4217
0.107356,4218
0.067594,4219
0.021912,4220
0.105932,4221
0.102230,4222
0.019960,4223
0.019313,4224
0.051081,4225
0.051125,4226
0.052838,4227
0.136456,4228
0.038388,4229
0.024291,4230
0.065708,4231
0.073123,4232
0.048924,4233
0.081301,4234
0.090164,4235
0.043137,4236
0.039920,4237
0.024904,4238
0.026157,4239
0.004115,4240
0.001916,4241
0.026201,4242
0.057944,4243
0.038000,4244
0.020450,4245
0.061966,4246
0.078067,4247
0.055785,4248
0.025341,4249
0.017167,4250
0.068093,4251
0.007782,4252
0.020000,4253
0.019912,4254
0.034799,4255
0.045455,4256
0.036364,4257
0.055328,4258
0.040161,4259
0.088710,4260
0.060429,4261
0.037113,4262
0.077206,4263
0.000000,4264
0.016461,4265
0.073643,4266
0.024341,4267
0.053061,4268
0.083164,4269
0.012097,4270
0.045365,4271
0.040619,4272
0.107884,4273
0.037807,4274
0.026971,4275
0.129482,4276
0.051587,4277
0.088477,4278
0.068762,4279
0.022495,4280
0.006048,4281
0.051923,4282
0.042169,4283
0.015779,4284
0.028747,4285
0.082305,4286
0.055441,4287
0.067151,4288
0.063694,4289
0.025341,4290
0.008351,4291
0.005769,4292
0.070248,4293
0.038610,4294
0.009980,4295
0.006250,4296
0.044990,4297
0.078471,4298
0.121094,4299
0.117534,4300
0.013423,4301
0.168459,4302
0.030303,4303
0.030303,4304
0.032064,4305
0.085938,4306
0.013944,4307
0.022965,4308
0.034951,4309
0.040080,4310
0.055785,4311
0.015180,4312
0.059957,4313
0.047619,4314
0.057884,4315
0.029940,4316
0.050781,4317
0.007678,4318
0.000000,4319
0.020704,4320
0.063241,4321
0.030426,4322
0.058708,4323
0.016032,4324
0.068898,4325
0.036961,4326
0.088632,4327
0.052314,4328
0.026263,4329
0.040984,4330
0.057026,4331
0.072243,4332
0.026639,4333
0.066253,4334
0.052953,4335
0.105578,4336
0.054475,4337
0.034884,4338
0.118257,4339
0.067210,4340
0.065666,4341
0.081761,4342
0.139004,4343
0.110895,4344
0.046065,4345
0.036290,4346
0.043651,4347
0.022222,4348
0.036810,4349
0.041916,4350
0.058350,4351
0.076190,4352
0.035343,4353
0.032258,4354
0.070850,4355
0.076336,4356
0.039749,4357
0.057199,4358
0.007449,4359
0.006593,4360
0.060264,4361
0.031579,4362
0.063830,4363
0.031128,4364
0.021552,4365
0.040307,4366
0.046809,4367
0.121673,4368
0.039501,4369
0.086957,4370
0.016667,4371
0.035928,4372
0.068687,4373
0.061508,4374
0.079365,4375
0.078947,4376
0.024000,4377
0.053279,4378
0.028517,4379
0.024845,4380
0.041353,4381
0.026749,4382
0.020367,4383
0.074447,4384
0.021611,4385
0.057312,4386
0.002008,4387
0.018789,4388
0.026616,4389
0.028747,4390
0.032787,4391
0.042770,4392
0.048450,4393
0.003968,4394
0.052632,4395
0.017682,4396
0.012000,4397
0.023438,4398
0.046218,4399
0.060078,4400
0.038076,4401
0.099593,4402
0.004000,4403
0.094456,4404
0.052427,4405
0.029880,4406
0.027888,4407
0.082353,4408
0.024691,4409
0.053150,4410
0.065263,4411
0.081132,4412
0.033797,4413
0.048218,4414
0.054475,4415
0.007937,4416
0.041841,4417
0.051282,4418
0.034137,4419
0.076768,4420
0.018484,4421
0.068085,4422
0.026104,4423
0.021912,4424
0.045817,4425
0.036660,4426
0.053045,4427
0.038023,4428
0.045952,4429
0.056202,4430
0.022044,4431
0.026052,4432
0.061386,4433
0.022044,4434
0.062000,4435
0.011928,4436
0.031712,4437
0.105660,4438
0.046025,4439
0.023576,4440
0.017964,4441
0.051485,4442
0.110656,4443
0.078998,4444
0.070994,4445
0.037624,4446
0.000000,4447
0.013592,4448
0.021569,4449
0.000000,4450
0.123288,4451
0.051923,4452
0.034908,4453
0.058708,4454
0.077670,4455
0.075922,4456
0.064272,4457
0.003953,4458
0.004040,4459
0.027833,4460
0.062880,4461
0.041750,4462
0.013462,4463
0.075820,4464
0.029350,4465
0.054000,4466
0.039139,4467
0.050682,4468
0.025263,4469
0.072125,4470
0.101240,4471
0.109405,4472
0.035156,4473
0.016194,4474
0.044534,4475
0.023211,4476
0.046465,4477
0.004474,4478
0.097561,4479
0.110266,4480
0.021401,4481
0.054108,4482
0.058947,4483
0.064762,4484
0.077689,4485
0.048729,4486
0.044025,4487
0.046211,4488
0.001953,4489
0.038776,4490
0.057361,4491
0.029289,4492
0.042000,4493
0.067901,4494
0.098485,4495
0.063525,4496
0.089844,4497
0.018711,4498
0.063910,4499
0.058333,4500
0.059289,4501
0.030488,4502
0.009728,4503
0.038023,4504
0.019651,4505
0.015968,4506
0.026423,4507
0.064078,4508
0.074310,4509
0.098456,4510
0.084980,4511
0.055215,4512
0.061024,4513
0.055118,4514
0.041916,4515
0.070423,4516
0.005929,4517
0.035857,4518
0.062112,4519
0.127907,4520
0.039666,4521
0.078895,4522
0.051793,4523
0.031189,4524
0.059548,4525
0.082031,4526
0.041916,4527
0.033797,4528
0.080169,4529
0.074856,4530
0.047904,4531
0.074510,4532
0.089796,4533
0.061728,4534
0.011516,4535
0.000000,4536
0.033403,4537
0.114286,4538
0.039604,4539
0.080868,4540
0.056911,4541
0.097107,4542
0.111321,4543
0.058468,4544
0.078000,4545
0.029412,4546
0.075472,4547
0.027451,4548
0.029167,4549
0.058586,4550
0.016393,4551
0.071563,4552
0.085954,4553
0.084646,4554
0.048290,4555
0.040619,4556
0.002045,4557
0.066000,4558
0.053150,4559
0.053498,4560
0.014085,4561
0.058935,4562
0.024123,4563
0.129094,4564
0.006024,4565
0.060606,4566
0.000000,4567
0.010246,4568
0.089980,4569
0.020661,4570
0.071834,4571
0.020619,4572
0.052525,4573
0.087302,4574
0.042471,4575
0.004090,4576
0.046653,4577
0.096838,4578
0.038760,4579
0.038855,4580
0.016495,4581
0.096078,4582
0.027668,4583
0.073267,4584
0.046809,4585
0.079612,4586
0.033865,4587
0.050100,4588
0.052104,4589
0.059387,4590
0.008197,4591
0.013592,4592
0.020534,4593
0.066253,4594
0.092975,4595
0.063218,4596
0.016000,4597
0.070281,4598
0.050000,4599
0.028986,4600
0.055118,4601
0.020161,4602
0.020000,4603
0.034549,4604
0.031120,4605
0.045643,4606
0.135294,4607
0.045549,4608
0.105948,4609
0.006135,4610
0.023952,4611
0.054656,4612
0.106000,4613
0.022449,4614
0.041257,4615
0.021654,4616
0.014344,4617
0.040856,4618
0.039062,4619
0.004073,4620
0.073267,4621
0.004090,4622
0.046748,4623
0.046875,4624
0.000000,4625
0.017822,4626
0.089744,4627
0.030888,4628
0.031716,4629
0.015119,4630
0.146881,4631
0.036893,4632
0.044266,4633
0.043893,4634
0.030108,4635
0.072491,4636
0.029350,4637
0.039916,4638
0.061538,4639
0.012170,4640
0.050000,4641
0.082996,4642
0.049808,4643
0.010000,4644
0.020921,4645
0.099065,4646
0.019780,4647
0.055118,4648
0.116635,4649
0.061753,4650
0.040404,4651
0.077236,4652
0.057252,4653
0.062232,4654
0.054902,4655
0.119522,4656
0.066390,4657
0.028249,4658
0.064386,4659
0.109244,4660
0.051040,4661
0.032587,4662
0.013619,4663
0.034765,4664
0.044088,4665
0.028226,4666
0.025948,4667
0.040650,4668
0.038153,4669
0.042683,4670
0.059387,4671
0.004024,4672
0.072917,4673
0.019380,4674
0.053360,4675
0.040486,4676
0.040000,4677
0.062622,4678
0.004049,4679
0.030120,4680
0.089844,4681
0.029167,4682
0.031746,4683
0.055446,4684
0.035785,4685
0.039604,4686
0.048193,4687
0.004040,4688
0.015968,4689
0.064516,4690
0.076350,4691
0.014493,4692
0.027083,4693
0.066038,4694
0.051440,4695
0.050000,4696
0.000000,4697
0.035417,4698
0.058824,4699
0.044834,4700
0.064128,4701
0.035088,4702
0.064386,4703
0.008163,4704
0.031008,4705
0.040323,4706
0.038697,4707
0.039256,4708
0.026022,4709
0.008214,4710
0.072549,4711
0.034205,4712
0.093117,4713
0.033531,4714
0.056017,4715
0.051181,4716
0.044990,4717
0.029762,4718
0.049801,4719
0.019305,4720
0.041841,4721
0.009843,4722
0.023904,4723
0.057495,4724
0.045714,4725
0.034483,4726
0.040084,4727
0.045977,4728
0.048000,4729
0.087475,4730
0.035573,4731
0.028866,4732
0.108652,4733
0.070140,4734
0.081349,4735
0.089641,4736
0.065173,4737
0.116232,4738
0.058824,4739
0.020408,4740
0.040856,4741
0.042146,4742
0.035714,4743
0.032922,4744
0.056641,4745
0.040984,4746
0.087302,4747
0.061753,4748
0.066937,4749
0.089320,4750
0.032258,4751
0.048638,4752
0.099585,4753
0.009960,4754
0.038076,4755
0.047619,4756
0.078629,4757
0.074074,4758
0.030888,4759
0.044266,4760
0.036822,4761
0.014799,4762
0.096408,4763
0.000000,4764
0.053830,4765
0.053061,4766
0.022945,4767
0.018750,4768
0.028626,4769
0.012320,4770
0.029106,4771
0.047525,4772
0.058939,4773
0.022133,4774
0.027613,4775
0.057495,4776
0.059406,4777
0.033663,4778
0.049407,4779
0.079681,4780
0.056962,4781
0.025048,4782
0.091278,4783
0.106000,4784
0.021869,4785
0.100823,4786
0.025845,4787
0.067050,4788
0.006148,4789
0.050682,4790
0.029228,4791
0.004032,4792
0.008000,4793
0.069170,4794
0.046602,4795
0.016162,4796
0.085774,4797
0.078652,4798
0.032653,4799
0.026316,4800
0.040385,4801
0.055794,4802
0.066667,4803
0.037255,4804
0.042105,4805
0.079523,4806
0.074803,4807
0.009766,4808
0.057312,4809
0.014403,4810
0.026104,4811
0.029644,4812
0.027833,4813
0.002008,4814
0.053719,4815
0.082534,4816
0.045929,4817
0.133981,4818
0.027833,4819
0.027397,4820
0.043841,4821
0.033074,4822
0.055215,4823
0.052427,4824
0.002008,4825
0.040340,4826
0.126761,4827
0.075145,4828
0.029070,4829
0.034908,4830
0.046653,4831
0.056863,4832
0.012320,4833
0.053016,4834
0.059735,4835
0.080769,4836
0.024845,4837
0.019493,4838
0.078788,4839
0.039062,4840
0.051919,4841
0.129524,4842
0.117063,4843
0.092308,4844
0.062249,4845
0.045549,4846
0.082996,4847
0.050388,4848
0.082996,4849
0.022177,4850
0.058594,4851
0.107660,4852
0.059055,4853
0.055227,4854
0.063008,4855
0.098232,4856
0.026694,4857
0.037773,4858
0.073770,4859
0.086172,4860
0.064103,4861
0.002128,4862
0.054264,4863
0.126506,4864
0.086777,4865
0.061896,4866
0.023256,4867
0.042226,4868
0.122772,4869
0.069246,4870
0.054000,4871
0.030246,4872
0.032193,4873
0.027368,4874
0.052419,4875
0.013725,4876
0.036072,4877
0.003929,4878
0.059548,4879
0.081188,4880
0.032990,4881
0.036217,4882
0.051429,4883
0.097713,4884
0.023033,4885
0.003960,4886
0.028112,4887
0.006073,4888
0.023622,4889
0.013308,4890
0.041929,4891
0.032990,4892
0.025540,4893
0.034413,4894
0.050781,4895
0.030120,4896
0.053830,4897
0.046602,4898
0.045082,4899
0.032787,4900
0.017893,4901
0.051587,4902
0.040856,4903
0.035928,4904
0.054545,4905
0.042339,4906
0.058027,4907
0.025862,4908
0.027505,4909
0.055336,4910
0.011881,4911
0.027397,4912
0.019608,4913
0.048352,4914
0.096267,4915
0.042735,4916
0.045704,4917
0.044118,4918
0.096712,4919
0.113772,4920
0.039920,4921
0.084000,4922
0.039139,4923
0.060729,4924
0.066098,4925
0.141221,4926
0.061538,4927
0.053061,4928
0.028112,4929
0.041580,4930
0.021825,4931
0.093254,4932
0.096712,4933
0.048290,4934
0.018367,4935
0.032567,4936
0.037895,4937
0.017613,4938
0.020704,4939
0.076775,4940
0.032720,4941
0.065476,4942
0.042596,4943
0.045726,4944
0.016495,4945
0.044231,4946
0.025145,4947
0.010638,4948
0.105788,4949
0.079304,4950
0.015054,4951
0.055453,4952
0.060041,4953
0.009747,4954
0.066806,4955
0.047529,4956
0.016393,4957
0.039175,4958
0.070611,4959
0.008333,4960
0.084615,4961
0.010549,4962
0.089109,4963
0.056225,4964
0.011976,4965
0.043478,4966
0.035417,4967
0.091278,4968
0.021739,4969
0.069498,4970
0.018595,4971
0.006466,4972
0.093333,4973
0.057540,4974
0.064579,4975
0.145749,4976
0.054217,4977
0.051081,4978
0.047131,4979
0.021526,4980
0.041494,4981
0.033268,4982
0.113503,4983
0.024641,4984
0.053950,4985
0.024390,4986
0.010288,4987
0.068687,4988
0.055877,4989
0.004228,4990
0.174603,4991
0.115914,4992
0.045977,4993
0.066253,4994
0.098039,4995
0.058824,4996
0.050302,4997
0.074000,4998
0.065089,4999
0.022000,5000
